stock_count_id,count_date,inventory_snapshot_id,store_id,product_id,system_qty,physical_qty,variance_units,variance_pct
SC00000001,2025-12-31,INV00013326,S027,P00326,3,3,0,0.0
SC00000002,2025-12-31,INV00013030,S027,P00030,7,7,0,0.0
SC00000003,2025-12-31,INV00014301,S029,P00301,7,7,0,0.0
SC00000004,2025-12-31,INV00009524,S020,P00024,6,6,0,0.0
SC00000005,2025-12-31,INV00005807,S012,P00307,6,6,0,0.0
SC00000006,2025-12-31,INV00000512,S002,P00012,1,1,0,0.0
SC00000007,2025-12-31,INV00008953,S018,P00453,9,9,0,0.0
SC00000008,2025-12-31,INV00005032,S011,P00032,7,7,0,0.0
SC00000009,2025-12-31,INV00013292,S027,P00292,1,1,0,0.0
SC00000010,2025-12-31,INV00006808,S014,P00308,18,18,0,0.0
SC00000011,2025-12-31,INV00001499,S003,P00499,1,1,0,0.0
SC00000012,2025-12-31,INV00012748,S026,P00248,3,3,0,0.0
SC00000013,2025-12-31,INV00010721,S022,P00221,2,2,0,0.0
SC00000014,2025-12-31,INV00002909,S006,P00409,1,1,0,0.0
SC00000015,2025-12-31,INV00005883,S012,P00383,4,4,0,0.0
SC00000016,2025-12-31,INV00014522,S030,P00022,4,4,0,0.0
SC00000017,2025-12-31,INV00008356,S017,P00356,4,4,0,0.0
SC00000018,2025-12-31,INV00005563,S012,P00063,5,5,0,0.0
SC00000019,2025-12-31,INV00010204,S021,P00204,6,6,0,0.0
SC00000020,2025-12-31,INV00004442,S009,P00442,13,13,0,0.0
SC00000021,2025-12-31,INV00006377,S013,P00377,3,3,0,0.0
SC00000022,2025-12-31,INV00006405,S013,P00405,7,7,0,0.0
SC00000023,2025-12-31,INV00003937,S008,P00437,5,5,0,0.0
SC00000024,2025-12-31,INV00000395,S001,P00395,1,1,0,0.0
SC00000025,2025-12-31,INV00000101,S001,P00101,1,1,0,0.0
SC00000026,2025-12-31,INV00008090,S017,P00090,29,29,0,0.0
SC00000027,2025-12-31,INV00000386,S001,P00386,6,6,0,0.0
SC00000028,2025-12-31,INV00000559,S002,P00059,8,8,0,0.0
SC00000029,2025-12-31,INV00003415,S007,P00415,4,4,0,0.0
SC00000030,2025-12-31,INV00002915,S006,P00415,5,5,0,0.0
SC00000031,2025-12-31,INV00000996,S002,P00496,2,2,0,0.0
SC00000032,2025-12-31,INV00014112,S029,P00112,1,1,0,0.0
SC00000033,2025-12-31,INV00008640,S018,P00140,20,21,1,0.05
SC00000034,2025-12-31,INV00009799,S020,P00299,12,12,0,0.0
SC00000035,2025-12-31,INV00001987,S004,P00487,4,4,0,0.0
SC00000036,2025-12-31,INV00010920,S022,P00420,2,2,0,0.0
SC00000037,2025-12-31,INV00007954,S016,P00454,5,5,0,0.0
SC00000038,2025-12-31,INV00013400,S027,P00400,7,7,0,0.0
SC00000039,2025-12-31,INV00008028,S017,P00028,4,4,0,0.0
SC00000040,2025-12-31,INV00001522,S004,P00022,12,12,0,0.0
SC00000041,2025-12-31,INV00005574,S012,P00074,6,6,0,0.0
SC00000042,2025-12-31,INV00012824,S026,P00324,4,4,0,0.0
SC00000043,2025-12-31,INV00000085,S001,P00085,6,6,0,0.0
SC00000044,2025-12-31,INV00007043,S015,P00043,4,4,0,0.0
SC00000045,2025-12-31,INV00011230,S023,P00230,15,15,0,0.0
SC00000046,2025-12-31,INV00000926,S002,P00426,1,1,0,0.0
SC00000047,2025-12-31,INV00012725,S026,P00225,1,1,0,0.0
SC00000048,2025-12-31,INV00000469,S001,P00469,16,16,0,0.0
SC00000049,2025-12-31,INV00004024,S009,P00024,9,9,0,0.0
SC00000050,2025-12-31,INV00001488,S003,P00488,7,7,0,0.0
SC00000051,2025-12-31,INV00010787,S022,P00287,2,2,0,0.0
SC00000052,2025-12-31,INV00001826,S004,P00326,7,7,0,0.0
SC00000053,2025-12-31,INV00013090,S027,P00090,5,5,0,0.0
SC00000054,2025-12-31,INV00003696,S008,P00196,9,9,0,0.0
SC00000055,2025-12-31,INV00005353,S011,P00353,4,4,0,0.0
SC00000056,2025-12-31,INV00009403,S019,P00403,12,12,0,0.0
SC00000057,2025-12-31,INV00008479,S017,P00479,7,7,0,0.0
SC00000058,2025-12-31,INV00008205,S017,P00205,5,5,0,0.0
SC00000059,2025-12-31,INV00013141,S027,P00141,7,7,0,0.0
SC00000060,2025-12-31,INV00006646,S014,P00146,11,11,0,0.0
SC00000061,2025-12-31,INV00002654,S006,P00154,7,7,0,0.0
SC00000062,2025-12-31,INV00009983,S020,P00483,5,5,0,0.0
SC00000063,2025-12-31,INV00004158,S009,P00158,4,4,0,0.0
SC00000064,2025-12-31,INV00003046,S007,P00046,1,1,0,0.0
SC00000065,2025-12-31,INV00009380,S019,P00380,4,4,0,0.0
SC00000066,2025-12-31,INV00000373,S001,P00373,1,1,0,0.0
SC00000067,2025-12-31,INV00013134,S027,P00134,6,6,0,0.0
SC00000068,2025-12-31,INV00011164,S023,P00164,5,5,0,0.0
SC00000069,2025-12-31,INV00014410,S029,P00410,4,4,0,0.0
SC00000070,2025-12-31,INV00008069,S017,P00069,5,5,0,0.0
SC00000071,2025-12-31,INV00007160,S015,P00160,4,4,0,0.0
SC00000072,2025-12-31,INV00001466,S003,P00466,1,1,0,0.0
SC00000073,2025-12-31,INV00014035,S029,P00035,9,9,0,0.0
SC00000074,2025-12-31,INV00008623,S018,P00123,7,7,0,0.0
SC00000075,2025-12-31,INV00010623,S022,P00123,4,4,0,0.0
SC00000076,2025-12-31,INV00005525,S012,P00025,5,5,0,0.0
SC00000077,2025-12-31,INV00000545,S002,P00045,4,4,0,0.0
SC00000078,2025-12-31,INV00006932,S014,P00432,2,2,0,0.0
SC00000079,2025-12-31,INV00007212,S015,P00212,3,3,0,0.0
SC00000080,2025-12-31,INV00002794,S006,P00294,8,8,0,0.0
SC00000081,2025-12-31,INV00004933,S010,P00433,2,2,0,0.0
SC00000082,2025-12-31,INV00002778,S006,P00278,10,10,0,0.0
SC00000083,2025-12-31,INV00013849,S028,P00349,6,6,0,0.0
SC00000084,2025-12-31,INV00014103,S029,P00103,3,3,0,0.0
SC00000085,2025-12-31,INV00010437,S021,P00437,7,7,0,0.0
SC00000086,2025-12-31,INV00003050,S007,P00050,3,3,0,0.0
SC00000087,2025-12-31,INV00010226,S021,P00226,1,1,0,0.0
SC00000088,2025-12-31,INV00009429,S019,P00429,20,19,-1,-0.05
SC00000089,2025-12-31,INV00004139,S009,P00139,3,3,0,0.0
SC00000090,2025-12-31,INV00008432,S017,P00432,2,2,0,0.0
SC00000091,2025-12-31,INV00000422,S001,P00422,5,5,0,0.0
SC00000092,2025-12-31,INV00006151,S013,P00151,3,3,0,0.0
SC00000093,2025-12-31,INV00004828,S010,P00328,7,7,0,0.0
SC00000094,2025-12-31,INV00006202,S013,P00202,2,2,0,0.0
SC00000095,2025-12-31,INV00005290,S011,P00290,4,4,0,0.0
SC00000096,2025-12-31,INV00013160,S027,P00160,2,2,0,0.0
SC00000097,2025-12-31,INV00007591,S016,P00091,12,12,0,0.0
SC00000098,2025-12-31,INV00001989,S004,P00489,10,10,0,0.0
SC00000099,2025-12-31,INV00007120,S015,P00120,3,3,0,0.0
SC00000100,2025-12-31,INV00008352,S017,P00352,2,2,0,0.0
SC00000101,2025-12-31,INV00007872,S016,P00372,15,15,0,0.0
SC00000102,2025-12-31,INV00005996,S012,P00496,6,6,0,0.0
SC00000103,2025-12-31,INV00004441,S009,P00441,9,9,0,0.0
SC00000104,2025-12-31,INV00006267,S013,P00267,2,2,0,0.0
SC00000105,2025-12-31,INV00004596,S010,P00096,1,1,0,0.0
SC00000106,2025-12-31,INV00008268,S017,P00268,3,3,0,0.0
SC00000107,2025-12-31,INV00006197,S013,P00197,4,4,0,0.0
SC00000108,2025-12-31,INV00000730,S002,P00230,3,3,0,0.0
SC00000109,2025-12-31,INV00008262,S017,P00262,5,5,0,0.0
SC00000110,2025-12-31,INV00002721,S006,P00221,1,1,0,0.0
SC00000111,2025-12-31,INV00007575,S016,P00075,2,2,0,0.0
SC00000112,2025-12-31,INV00012439,S025,P00439,9,9,0,0.0
SC00000113,2025-12-31,INV00005467,S011,P00467,2,2,0,0.0
SC00000114,2025-12-31,INV00010413,S021,P00413,4,4,0,0.0
SC00000115,2025-12-31,INV00011554,S024,P00054,2,2,0,0.0
SC00000116,2025-12-31,INV00008207,S017,P00207,2,2,0,0.0
SC00000117,2025-12-31,INV00009113,S019,P00113,1,1,0,0.0
SC00000118,2025-12-31,INV00014676,S030,P00176,5,5,0,0.0
SC00000119,2025-12-31,INV00005340,S011,P00340,2,2,0,0.0
SC00000120,2025-12-31,INV00006139,S013,P00139,9,9,0,0.0
SC00000121,2025-12-31,INV00009103,S019,P00103,1,1,0,0.0
SC00000122,2025-12-31,INV00006304,S013,P00304,5,5,0,0.0
SC00000123,2025-12-31,INV00013903,S028,P00403,7,7,0,0.0
SC00000124,2025-12-31,INV00003430,S007,P00430,4,4,0,0.0
SC00000125,2025-12-31,INV00006598,S014,P00098,5,5,0,0.0
SC00000126,2025-12-31,INV00010775,S022,P00275,6,6,0,0.0
SC00000127,2025-12-31,INV00008857,S018,P00357,8,8,0,0.0
SC00000128,2025-12-31,INV00013171,S027,P00171,9,9,0,0.0
SC00000129,2025-12-31,INV00012246,S025,P00246,4,4,0,0.0
SC00000130,2025-12-31,INV00014870,S030,P00370,1,1,0,0.0
SC00000131,2025-12-31,INV00012163,S025,P00163,6,6,0,0.0
SC00000132,2025-12-31,INV00007945,S016,P00445,10,10,0,0.0
SC00000133,2025-12-31,INV00000477,S001,P00477,6,6,0,0.0
SC00000134,2025-12-31,INV00014154,S029,P00154,17,17,0,0.0
SC00000135,2025-12-31,INV00000293,S001,P00293,10,10,0,0.0
SC00000136,2025-12-31,INV00011651,S024,P00151,1,1,0,0.0
SC00000137,2025-12-31,INV00000304,S001,P00304,6,6,0,0.0
SC00000138,2025-12-31,INV00007075,S015,P00075,4,4,0,0.0
SC00000139,2025-12-31,INV00000164,S001,P00164,5,5,0,0.0
SC00000140,2025-12-31,INV00010144,S021,P00144,8,8,0,0.0
SC00000141,2025-12-31,INV00002227,S005,P00227,6,6,0,0.0
SC00000142,2025-12-31,INV00002047,S005,P00047,5,5,0,0.0
SC00000143,2025-12-31,INV00003231,S007,P00231,1,1,0,0.0
SC00000144,2025-12-31,INV00008380,S017,P00380,1,1,0,0.0
SC00000145,2025-12-31,INV00008231,S017,P00231,13,13,0,0.0
SC00000146,2025-12-31,INV00011728,S024,P00228,3,3,0,0.0
SC00000147,2025-12-31,INV00014050,S029,P00050,3,3,0,0.0
SC00000148,2025-12-31,INV00009301,S019,P00301,4,4,0,0.0
SC00000149,2025-12-31,INV00010550,S022,P00050,2,2,0,0.0
SC00000150,2025-12-31,INV00014228,S029,P00228,14,14,0,0.0
SC00000151,2025-12-31,INV00009608,S020,P00108,6,6,0,0.0
SC00000152,2025-12-31,INV00001804,S004,P00304,9,9,0,0.0
SC00000153,2025-12-31,INV00006149,S013,P00149,5,5,0,0.0
SC00000154,2025-12-31,INV00004170,S009,P00170,9,9,0,0.0
SC00000155,2025-12-31,INV00003949,S008,P00449,6,6,0,0.0
SC00000156,2025-12-31,INV00009147,S019,P00147,2,2,0,0.0
SC00000157,2025-12-31,INV00012415,S025,P00415,13,13,0,0.0
SC00000158,2025-12-31,INV00003401,S007,P00401,3,3,0,0.0
SC00000159,2025-12-31,INV00001249,S003,P00249,1,1,0,0.0
SC00000160,2025-12-31,INV00010942,S022,P00442,1,1,0,0.0
SC00000161,2025-12-31,INV00006474,S013,P00474,5,5,0,0.0
SC00000162,2025-12-31,INV00005722,S012,P00222,12,12,0,0.0
SC00000163,2025-12-31,INV00009531,S020,P00031,1,1,0,0.0
SC00000164,2025-12-31,INV00014925,S030,P00425,7,7,0,0.0
SC00000165,2025-12-31,INV00001337,S003,P00337,2,2,0,0.0
SC00000166,2025-12-31,INV00014642,S030,P00142,1,1,0,0.0
SC00000167,2025-12-31,INV00008696,S018,P00196,2,2,0,0.0
SC00000168,2025-12-31,INV00013367,S027,P00367,6,6,0,0.0
SC00000169,2025-12-31,INV00010451,S021,P00451,1,1,0,0.0
SC00000170,2025-12-31,INV00004737,S010,P00237,4,4,0,0.0
SC00000171,2025-12-31,INV00001907,S004,P00407,1,1,0,0.0
SC00000172,2025-12-31,INV00003065,S007,P00065,8,8,0,0.0
SC00000173,2025-12-31,INV00001621,S004,P00121,2,2,0,0.0
SC00000174,2025-12-31,INV00011971,S024,P00471,1,1,0,0.0
SC00000175,2025-12-31,INV00011837,S024,P00337,4,4,0,0.0
SC00000176,2025-12-31,INV00003061,S007,P00061,1,1,0,0.0
SC00000177,2025-12-31,INV00011638,S024,P00138,3,3,0,0.0
SC00000178,2025-12-31,INV00006165,S013,P00165,5,5,0,0.0
SC00000179,2025-12-31,INV00014618,S030,P00118,9,9,0,0.0
SC00000180,2025-12-31,INV00002066,S005,P00066,6,6,0,0.0
SC00000181,2025-12-31,INV00011243,S023,P00243,6,6,0,0.0
SC00000182,2025-12-31,INV00014710,S030,P00210,19,19,0,0.0
SC00000183,2025-12-31,INV00005923,S012,P00423,4,4,0,0.0
SC00000184,2025-12-31,INV00012686,S026,P00186,7,7,0,0.0
SC00000185,2025-12-31,INV00004845,S010,P00345,5,5,0,0.0
SC00000186,2025-12-31,INV00011801,S024,P00301,7,7,0,0.0
SC00000187,2025-12-31,INV00009791,S020,P00291,4,4,0,0.0
SC00000188,2025-12-31,INV00011793,S024,P00293,2,2,0,0.0
SC00000189,2025-12-31,INV00002443,S005,P00443,3,3,0,0.0
SC00000190,2025-12-31,INV00013364,S027,P00364,3,3,0,0.0
SC00000191,2025-12-31,INV00001473,S003,P00473,5,5,0,0.0
SC00000192,2025-12-31,INV00002793,S006,P00293,8,8,0,0.0
SC00000193,2025-12-31,INV00009467,S019,P00467,3,3,0,0.0
SC00000194,2025-12-31,INV00001265,S003,P00265,4,4,0,0.0
SC00000195,2025-12-31,INV00011031,S023,P00031,9,9,0,0.0
SC00000196,2025-12-31,INV00012301,S025,P00301,2,2,0,0.0
SC00000197,2025-12-31,INV00003141,S007,P00141,4,4,0,0.0
SC00000198,2025-12-31,INV00000039,S001,P00039,4,4,0,0.0
SC00000199,2025-12-31,INV00001597,S004,P00097,1,1,0,0.0
SC00000200,2025-12-31,INV00005011,S011,P00011,13,13,0,0.0
SC00000201,2025-12-31,INV00007415,S015,P00415,2,2,0,0.0
SC00000202,2025-12-31,INV00008871,S018,P00371,5,5,0,0.0
SC00000203,2025-12-31,INV00008863,S018,P00363,9,9,0,0.0
SC00000204,2025-12-31,INV00000063,S001,P00063,6,6,0,0.0
SC00000205,2025-12-31,INV00014145,S029,P00145,1,1,0,0.0
SC00000206,2025-12-31,INV00005591,S012,P00091,2,2,0,0.0
SC00000207,2025-12-31,INV00006520,S014,P00020,3,3,0,0.0
SC00000208,2025-12-31,INV00002900,S006,P00400,1,1,0,0.0
SC00000209,2025-12-31,INV00007774,S016,P00274,14,14,0,0.0
SC00000210,2025-12-31,INV00005319,S011,P00319,2,2,0,0.0
SC00000211,2025-12-31,INV00004636,S010,P00136,11,11,0,0.0
SC00000212,2025-12-31,INV00002013,S005,P00013,9,9,0,0.0
SC00000213,2025-12-31,INV00011930,S024,P00430,3,3,0,0.0
SC00000214,2025-12-31,INV00000011,S001,P00011,7,7,0,0.0
SC00000215,2025-12-31,INV00010815,S022,P00315,4,4,0,0.0
SC00000216,2025-12-31,INV00006706,S014,P00206,9,9,0,0.0
SC00000217,2025-12-31,INV00013424,S027,P00424,2,2,0,0.0
SC00000218,2025-12-31,INV00000344,S001,P00344,2,2,0,0.0
SC00000219,2025-12-31,INV00006553,S014,P00053,4,4,0,0.0
SC00000220,2025-12-31,INV00000035,S001,P00035,2,2,0,0.0
SC00000221,2025-12-31,INV00010110,S021,P00110,3,3,0,0.0
SC00000222,2025-12-31,INV00004137,S009,P00137,2,2,0,0.0
SC00000223,2025-12-31,INV00003881,S008,P00381,1,1,0,0.0
SC00000224,2025-12-31,INV00007124,S015,P00124,3,3,0,0.0
SC00000225,2025-12-31,INV00011536,S024,P00036,2,2,0,0.0
SC00000226,2025-12-31,INV00010523,S022,P00023,4,4,0,0.0
SC00000227,2025-12-31,INV00013543,S028,P00043,12,12,0,0.0
SC00000228,2025-12-31,INV00012921,S026,P00421,4,4,0,0.0
SC00000229,2025-12-31,INV00012658,S026,P00158,6,6,0,0.0
SC00000230,2025-12-31,INV00014175,S029,P00175,8,8,0,0.0
SC00000231,2025-12-31,INV00011767,S024,P00267,3,3,0,0.0
SC00000232,2025-12-31,INV00010022,S021,P00022,10,10,0,0.0
SC00000233,2025-12-31,INV00013130,S027,P00130,7,7,0,0.0
SC00000234,2025-12-31,INV00006305,S013,P00305,2,2,0,0.0
SC00000235,2025-12-31,INV00004537,S010,P00037,2,2,0,0.0
SC00000236,2025-12-31,INV00004175,S009,P00175,4,4,0,0.0
SC00000237,2025-12-31,INV00001983,S004,P00483,4,4,0,0.0
SC00000238,2025-12-31,INV00001202,S003,P00202,2,2,0,0.0
SC00000239,2025-12-31,INV00009065,S019,P00065,4,4,0,0.0
SC00000240,2025-12-31,INV00003082,S007,P00082,6,6,0,0.0
SC00000241,2025-12-31,INV00004438,S009,P00438,1,1,0,0.0
SC00000242,2025-12-31,INV00004693,S010,P00193,2,2,0,0.0
SC00000243,2025-12-31,INV00012665,S026,P00165,4,4,0,0.0
SC00000244,2025-12-31,INV00004554,S010,P00054,3,3,0,0.0
SC00000245,2025-12-31,INV00002473,S005,P00473,1,1,0,0.0
SC00000246,2025-12-31,INV00008385,S017,P00385,6,6,0,0.0
SC00000247,2025-12-31,INV00005244,S011,P00244,7,7,0,0.0
SC00000248,2025-12-31,INV00003369,S007,P00369,1,1,0,0.0
SC00000249,2025-12-31,INV00014409,S029,P00409,10,10,0,0.0
SC00000250,2025-12-31,INV00003432,S007,P00432,7,7,0,0.0
SC00000251,2025-12-31,INV00004401,S009,P00401,2,2,0,0.0
SC00000252,2025-12-31,INV00011330,S023,P00330,5,5,0,0.0
SC00000253,2025-12-31,INV00010332,S021,P00332,13,13,0,0.0
SC00000254,2025-12-31,INV00008758,S018,P00258,2,2,0,0.0
SC00000255,2025-12-31,INV00014319,S029,P00319,1,1,0,0.0
SC00000256,2025-12-31,INV00012970,S026,P00470,6,6,0,0.0
SC00000257,2025-12-31,INV00001230,S003,P00230,16,16,0,0.0
SC00000258,2025-12-31,INV00001156,S003,P00156,6,6,0,0.0
SC00000259,2025-12-31,INV00001485,S003,P00485,2,2,0,0.0
SC00000260,2025-12-31,INV00008625,S018,P00125,5,5,0,0.0
SC00000261,2025-12-31,INV00013848,S028,P00348,5,5,0,0.0
SC00000262,2025-12-31,INV00000533,S002,P00033,3,3,0,0.0
SC00000263,2025-12-31,INV00013956,S028,P00456,13,13,0,0.0
SC00000264,2025-12-31,INV00005817,S012,P00317,6,6,0,0.0
SC00000265,2025-12-31,INV00006369,S013,P00369,8,8,0,0.0
SC00000266,2025-12-31,INV00012085,S025,P00085,4,4,0,0.0
SC00000267,2025-12-31,INV00013819,S028,P00319,3,3,0,0.0
SC00000268,2025-12-31,INV00010695,S022,P00195,1,1,0,0.0
SC00000269,2025-12-31,INV00009794,S020,P00294,3,3,0,0.0
SC00000270,2025-12-31,INV00010139,S021,P00139,3,3,0,0.0
SC00000271,2025-12-31,INV00013579,S028,P00079,8,8,0,0.0
SC00000272,2025-12-31,INV00004664,S010,P00164,5,5,0,0.0
SC00000273,2025-12-31,INV00006409,S013,P00409,3,3,0,0.0
SC00000274,2025-12-31,INV00003224,S007,P00224,12,12,0,0.0
SC00000275,2025-12-31,INV00013623,S028,P00123,3,3,0,0.0
SC00000276,2025-12-31,INV00003058,S007,P00058,25,24,-1,-0.04
SC00000277,2025-12-31,INV00001113,S003,P00113,2,2,0,0.0
SC00000278,2025-12-31,INV00013279,S027,P00279,5,5,0,0.0
SC00000279,2025-12-31,INV00003184,S007,P00184,2,2,0,0.0
SC00000280,2025-12-31,INV00014699,S030,P00199,4,4,0,0.0
SC00000281,2025-12-31,INV00005305,S011,P00305,2,2,0,0.0
SC00000282,2025-12-31,INV00006061,S013,P00061,4,4,0,0.0
SC00000283,2025-12-31,INV00012310,S025,P00310,5,5,0,0.0
SC00000284,2025-12-31,INV00007897,S016,P00397,5,5,0,0.0
SC00000285,2025-12-31,INV00006734,S014,P00234,10,10,0,0.0
SC00000286,2025-12-31,INV00013430,S027,P00430,9,9,0,0.0
SC00000287,2025-12-31,INV00004994,S010,P00494,3,3,0,0.0
SC00000288,2025-12-31,INV00002926,S006,P00426,3,3,0,0.0
SC00000289,2025-12-31,INV00011532,S024,P00032,7,7,0,0.0
SC00000290,2025-12-31,INV00013862,S028,P00362,2,2,0,0.0
SC00000291,2025-12-31,INV00009262,S019,P00262,2,2,0,0.0
SC00000292,2025-12-31,INV00005339,S011,P00339,5,5,0,0.0
SC00000293,2025-12-31,INV00014421,S029,P00421,2,2,0,0.0
SC00000294,2025-12-31,INV00004192,S009,P00192,4,4,0,0.0
SC00000295,2025-12-31,INV00002407,S005,P00407,4,4,0,0.0
SC00000296,2025-12-31,INV00013246,S027,P00246,27,28,1,0.037
SC00000297,2025-12-31,INV00010611,S022,P00111,1,1,0,0.0
SC00000298,2025-12-31,INV00004498,S009,P00498,8,8,0,0.0
SC00000299,2025-12-31,INV00010681,S022,P00181,5,5,0,0.0
SC00000300,2025-12-31,INV00008228,S017,P00228,1,1,0,0.0
SC00000301,2025-12-31,INV00013082,S027,P00082,4,4,0,0.0
SC00000302,2025-12-31,INV00002777,S006,P00277,9,9,0,0.0
SC00000303,2025-12-31,INV00007384,S015,P00384,3,3,0,0.0
SC00000304,2025-12-31,INV00009389,S019,P00389,2,2,0,0.0
SC00000305,2025-12-31,INV00011950,S024,P00450,5,5,0,0.0
SC00000306,2025-12-31,INV00007749,S016,P00249,3,3,0,0.0
SC00000307,2025-12-31,INV00011820,S024,P00320,6,6,0,0.0
SC00000308,2025-12-31,INV00013983,S028,P00483,9,9,0,0.0
SC00000309,2025-12-31,INV00008826,S018,P00326,3,3,0,0.0
SC00000310,2025-12-31,INV00002175,S005,P00175,1,1,0,0.0
SC00000311,2025-12-31,INV00010830,S022,P00330,5,5,0,0.0
SC00000312,2025-12-31,INV00010739,S022,P00239,3,3,0,0.0
SC00000313,2025-12-31,INV00002809,S006,P00309,21,20,-1,-0.0476
SC00000314,2025-12-31,INV00006693,S014,P00193,4,4,0,0.0
SC00000315,2025-12-31,INV00001722,S004,P00222,10,10,0,0.0
SC00000316,2025-12-31,INV00013238,S027,P00238,1,1,0,0.0
SC00000317,2025-12-31,INV00005234,S011,P00234,1,1,0,0.0
SC00000318,2025-12-31,INV00000693,S002,P00193,1,1,0,0.0
SC00000319,2025-12-31,INV00011512,S024,P00012,3,3,0,0.0
SC00000320,2025-12-31,INV00006254,S013,P00254,4,4,0,0.0
SC00000321,2025-12-31,INV00003303,S007,P00303,14,14,0,0.0
SC00000322,2025-12-31,INV00006389,S013,P00389,2,2,0,0.0
SC00000323,2025-12-31,INV00010803,S022,P00303,12,12,0,0.0
SC00000324,2025-12-31,INV00013854,S028,P00354,10,10,0,0.0
SC00000325,2025-12-31,INV00007517,S016,P00017,4,4,0,0.0
SC00000326,2025-12-31,INV00009269,S019,P00269,4,4,0,0.0
SC00000327,2025-12-31,INV00011419,S023,P00419,3,3,0,0.0
SC00000328,2025-12-31,INV00005110,S011,P00110,1,1,0,0.0
SC00000329,2025-12-31,INV00001445,S003,P00445,1,1,0,0.0
SC00000330,2025-12-31,INV00013054,S027,P00054,1,1,0,0.0
SC00000331,2025-12-31,INV00014580,S030,P00080,4,4,0,0.0
SC00000332,2025-12-31,INV00003804,S008,P00304,2,2,0,0.0
SC00000333,2025-12-31,INV00006815,S014,P00315,1,1,0,0.0
SC00000334,2025-12-31,INV00001282,S003,P00282,1,1,0,0.0
SC00000335,2025-12-31,INV00000415,S001,P00415,4,4,0,0.0
SC00000336,2025-12-31,INV00011213,S023,P00213,3,3,0,0.0
SC00000337,2025-12-31,INV00000259,S001,P00259,5,5,0,0.0
SC00000338,2025-12-31,INV00014993,S030,P00493,4,4,0,0.0
SC00000339,2025-12-31,INV00008796,S018,P00296,5,5,0,0.0
SC00000340,2025-12-31,INV00005136,S011,P00136,1,1,0,0.0
SC00000341,2025-12-31,INV00009699,S020,P00199,3,3,0,0.0
SC00000342,2025-12-31,INV00011326,S023,P00326,1,1,0,0.0
SC00000343,2025-12-31,INV00011847,S024,P00347,1,1,0,0.0
SC00000344,2025-12-31,INV00004150,S009,P00150,14,14,0,0.0
SC00000345,2025-12-31,INV00014282,S029,P00282,1,1,0,0.0
SC00000346,2025-12-31,INV00008575,S018,P00075,4,4,0,0.0
SC00000347,2025-12-31,INV00005550,S012,P00050,8,8,0,0.0
SC00000348,2025-12-31,INV00007574,S016,P00074,19,19,0,0.0
SC00000349,2025-12-31,INV00012250,S025,P00250,6,6,0,0.0
SC00000350,2025-12-31,INV00004198,S009,P00198,3,3,0,0.0
SC00000351,2025-12-31,INV00001339,S003,P00339,4,4,0,0.0
SC00000352,2025-12-31,INV00011978,S024,P00478,5,5,0,0.0
SC00000353,2025-12-31,INV00000873,S002,P00373,1,1,0,0.0
SC00000354,2025-12-31,INV00002464,S005,P00464,13,13,0,0.0
SC00000355,2025-12-31,INV00013657,S028,P00157,7,7,0,0.0
SC00000356,2025-12-31,INV00008294,S017,P00294,9,9,0,0.0
SC00000357,2025-12-31,INV00005583,S012,P00083,5,5,0,0.0
SC00000358,2025-12-31,INV00002967,S006,P00467,1,1,0,0.0
SC00000359,2025-12-31,INV00008246,S017,P00246,1,1,0,0.0
SC00000360,2025-12-31,INV00002238,S005,P00238,1,1,0,0.0
SC00000361,2025-12-31,INV00000273,S001,P00273,5,5,0,0.0
SC00000362,2025-12-31,INV00015000,S030,P00500,1,1,0,0.0
SC00000363,2025-12-31,INV00000783,S002,P00283,3,3,0,0.0
SC00000364,2025-12-31,INV00010641,S022,P00141,2,2,0,0.0
SC00000365,2025-12-31,INV00003500,S007,P00500,2,2,0,0.0
SC00000366,2025-12-31,INV00012872,S026,P00372,4,4,0,0.0
SC00000367,2025-12-31,INV00011192,S023,P00192,3,3,0,0.0
SC00000368,2025-12-31,INV00003446,S007,P00446,3,3,0,0.0
SC00000369,2025-12-31,INV00004321,S009,P00321,6,6,0,0.0
SC00000370,2025-12-31,INV00007023,S015,P00023,3,3,0,0.0
SC00000371,2025-12-31,INV00008263,S017,P00263,9,9,0,0.0
SC00000372,2025-12-31,INV00008761,S018,P00261,8,8,0,0.0
SC00000373,2025-12-31,INV00000765,S002,P00265,5,5,0,0.0
SC00000374,2025-12-31,INV00011495,S023,P00495,3,3,0,0.0
SC00000375,2025-12-31,INV00010829,S022,P00329,6,6,0,0.0
SC00000376,2025-12-31,INV00014482,S029,P00482,10,10,0,0.0
SC00000377,2025-12-31,INV00005562,S012,P00062,8,8,0,0.0
SC00000378,2025-12-31,INV00010855,S022,P00355,3,3,0,0.0
SC00000379,2025-12-31,INV00005810,S012,P00310,5,5,0,0.0
SC00000380,2025-12-31,INV00010336,S021,P00336,4,4,0,0.0
SC00000381,2025-12-31,INV00013432,S027,P00432,5,5,0,0.0
SC00000382,2025-12-31,INV00012210,S025,P00210,2,2,0,0.0
SC00000383,2025-12-31,INV00013685,S028,P00185,1,1,0,0.0
SC00000384,2025-12-31,INV00010745,S022,P00245,21,21,0,0.0
SC00000385,2025-12-31,INV00009916,S020,P00416,21,20,-1,-0.0476
SC00000386,2025-12-31,INV00000188,S001,P00188,2,2,0,0.0
SC00000387,2025-12-31,INV00007205,S015,P00205,1,1,0,0.0
SC00000388,2025-12-31,INV00014561,S030,P00061,4,4,0,0.0
SC00000389,2025-12-31,INV00002203,S005,P00203,7,7,0,0.0
SC00000390,2025-12-31,INV00011223,S023,P00223,12,12,0,0.0
SC00000391,2025-12-31,INV00003353,S007,P00353,7,7,0,0.0
SC00000392,2025-12-31,INV00007778,S016,P00278,7,7,0,0.0
SC00000393,2025-12-31,INV00007113,S015,P00113,11,11,0,0.0
SC00000394,2025-12-31,INV00004376,S009,P00376,2,2,0,0.0
SC00000395,2025-12-31,INV00004179,S009,P00179,2,2,0,0.0
SC00000396,2025-12-31,INV00007595,S016,P00095,2,2,0,0.0
SC00000397,2025-12-31,INV00003001,S007,P00001,1,1,0,0.0
SC00000398,2025-12-31,INV00006697,S014,P00197,3,3,0,0.0
SC00000399,2025-12-31,INV00004190,S009,P00190,3,3,0,0.0
SC00000400,2025-12-31,INV00007002,S015,P00002,5,5,0,0.0
SC00000401,2025-12-31,INV00000953,S002,P00453,3,3,0,0.0
SC00000402,2025-12-31,INV00014496,S029,P00496,6,6,0,0.0
SC00000403,2025-12-31,INV00004400,S009,P00400,9,9,0,0.0
SC00000404,2025-12-31,INV00004543,S010,P00043,5,5,0,0.0
SC00000405,2025-12-31,INV00013932,S028,P00432,3,3,0,0.0
SC00000406,2025-12-31,INV00003379,S007,P00379,6,6,0,0.0
SC00000407,2025-12-31,INV00008783,S018,P00283,12,12,0,0.0
SC00000408,2025-12-31,INV00001693,S004,P00193,3,3,0,0.0
SC00000409,2025-12-31,INV00007999,S016,P00499,6,6,0,0.0
SC00000410,2025-12-31,INV00003286,S007,P00286,4,4,0,0.0
SC00000411,2025-12-31,INV00005297,S011,P00297,13,13,0,0.0
SC00000412,2025-12-31,INV00009778,S020,P00278,9,9,0,0.0
SC00000413,2025-12-31,INV00011995,S024,P00495,2,2,0,0.0
SC00000414,2025-12-31,INV00011211,S023,P00211,17,17,0,0.0
SC00000415,2025-12-31,INV00005317,S011,P00317,2,2,0,0.0
SC00000416,2025-12-31,INV00006908,S014,P00408,2,2,0,0.0
SC00000417,2025-12-31,INV00005592,S012,P00092,10,10,0,0.0
SC00000418,2025-12-31,INV00000742,S002,P00242,8,8,0,0.0
SC00000419,2025-12-31,INV00007178,S015,P00178,7,7,0,0.0
SC00000420,2025-12-31,INV00009303,S019,P00303,8,8,0,0.0
SC00000421,2025-12-31,INV00007886,S016,P00386,6,6,0,0.0
SC00000422,2025-12-31,INV00000032,S001,P00032,2,2,0,0.0
SC00000423,2025-12-31,INV00004992,S010,P00492,4,4,0,0.0
SC00000424,2025-12-31,INV00006307,S013,P00307,4,4,0,0.0
SC00000425,2025-12-31,INV00013125,S027,P00125,3,3,0,0.0
SC00000426,2025-12-31,INV00006484,S013,P00484,21,20,-1,-0.0476
SC00000427,2025-12-31,INV00005409,S011,P00409,2,2,0,0.0
SC00000428,2025-12-31,INV00006134,S013,P00134,10,10,0,0.0
SC00000429,2025-12-31,INV00003868,S008,P00368,6,6,0,0.0
SC00000430,2025-12-31,INV00001658,S004,P00158,2,2,0,0.0
SC00000431,2025-12-31,INV00002040,S005,P00040,3,3,0,0.0
SC00000432,2025-12-31,INV00010513,S022,P00013,2,2,0,0.0
SC00000433,2025-12-31,INV00011284,S023,P00284,8,8,0,0.0
SC00000434,2025-12-31,INV00013889,S028,P00389,5,5,0,0.0
SC00000435,2025-12-31,INV00003138,S007,P00138,1,1,0,0.0
SC00000436,2025-12-31,INV00009946,S020,P00446,3,3,0,0.0
SC00000437,2025-12-31,INV00007216,S015,P00216,18,18,0,0.0
SC00000438,2025-12-31,INV00010929,S022,P00429,3,3,0,0.0
SC00000439,2025-12-31,INV00000616,S002,P00116,5,5,0,0.0
SC00000440,2025-12-31,INV00006662,S014,P00162,7,7,0,0.0
SC00000441,2025-12-31,INV00004334,S009,P00334,2,2,0,0.0
SC00000442,2025-12-31,INV00010660,S022,P00160,2,2,0,0.0
SC00000443,2025-12-31,INV00009520,S020,P00020,5,5,0,0.0
SC00000444,2025-12-31,INV00009157,S019,P00157,2,2,0,0.0
SC00000445,2025-12-31,INV00003820,S008,P00320,10,10,0,0.0
SC00000446,2025-12-31,INV00006315,S013,P00315,11,11,0,0.0
SC00000447,2025-12-31,INV00011217,S023,P00217,5,5,0,0.0
SC00000448,2025-12-31,INV00001713,S004,P00213,9,9,0,0.0
SC00000449,2025-12-31,INV00009385,S019,P00385,1,1,0,0.0
SC00000450,2025-12-31,INV00009025,S019,P00025,1,1,0,0.0
SC00000451,2025-12-31,INV00009511,S020,P00011,3,3,0,0.0
SC00000452,2025-12-31,INV00012366,S025,P00366,4,4,0,0.0
SC00000453,2025-12-31,INV00005536,S012,P00036,6,6,0,0.0
SC00000454,2025-12-31,INV00011203,S023,P00203,27,28,1,0.037
SC00000455,2025-12-31,INV00002735,S006,P00235,10,10,0,0.0
SC00000456,2025-12-31,INV00010298,S021,P00298,7,7,0,0.0
SC00000457,2025-12-31,INV00007081,S015,P00081,6,6,0,0.0
SC00000458,2025-12-31,INV00000828,S002,P00328,10,10,0,0.0
SC00000459,2025-12-31,INV00014487,S029,P00487,8,8,0,0.0
SC00000460,2025-12-31,INV00011196,S023,P00196,5,5,0,0.0
SC00000461,2025-12-31,INV00012205,S025,P00205,3,3,0,0.0
SC00000462,2025-12-31,INV00004571,S010,P00071,10,10,0,0.0
SC00000463,2025-12-31,INV00014259,S029,P00259,10,10,0,0.0
SC00000464,2025-12-31,INV00008909,S018,P00409,4,4,0,0.0
SC00000465,2025-12-31,INV00010608,S022,P00108,12,12,0,0.0
SC00000466,2025-12-31,INV00006432,S013,P00432,2,2,0,0.0
SC00000467,2025-12-31,INV00004058,S009,P00058,3,3,0,0.0
SC00000468,2025-12-31,INV00001758,S004,P00258,5,5,0,0.0
SC00000469,2025-12-31,INV00003468,S007,P00468,5,5,0,0.0
SC00000470,2025-12-31,INV00007144,S015,P00144,10,10,0,0.0
SC00000471,2025-12-31,INV00013445,S027,P00445,3,3,0,0.0
SC00000472,2025-12-31,INV00013159,S027,P00159,7,7,0,0.0
SC00000473,2025-12-31,INV00010767,S022,P00267,4,4,0,0.0
SC00000474,2025-12-31,INV00013923,S028,P00423,3,3,0,0.0
SC00000475,2025-12-31,INV00014808,S030,P00308,1,1,0,0.0
SC00000476,2025-12-31,INV00011082,S023,P00082,5,5,0,0.0
SC00000477,2025-12-31,INV00007828,S016,P00328,4,4,0,0.0
SC00000478,2025-12-31,INV00003388,S007,P00388,2,2,0,0.0
SC00000479,2025-12-31,INV00013494,S027,P00494,5,5,0,0.0
SC00000480,2025-12-31,INV00012454,S025,P00454,5,5,0,0.0
SC00000481,2025-12-31,INV00008485,S017,P00485,2,2,0,0.0
SC00000482,2025-12-31,INV00001564,S004,P00064,9,9,0,0.0
SC00000483,2025-12-31,INV00000225,S001,P00225,4,4,0,0.0
SC00000484,2025-12-31,INV00006011,S013,P00011,3,3,0,0.0
SC00000485,2025-12-31,INV00002522,S006,P00022,1,1,0,0.0
SC00000486,2025-12-31,INV00014631,S030,P00131,4,4,0,0.0
SC00000487,2025-12-31,INV00013863,S028,P00363,9,9,0,0.0
SC00000488,2025-12-31,INV00009053,S019,P00053,2,2,0,0.0
SC00000489,2025-12-31,INV00002143,S005,P00143,9,9,0,0.0
SC00000490,2025-12-31,INV00004983,S010,P00483,2,2,0,0.0
SC00000491,2025-12-31,INV00009521,S020,P00021,5,5,0,0.0
SC00000492,2025-12-31,INV00004528,S010,P00028,2,2,0,0.0
SC00000493,2025-12-31,INV00010346,S021,P00346,7,7,0,0.0
SC00000494,2025-12-31,INV00013626,S028,P00126,3,3,0,0.0
SC00000495,2025-12-31,INV00008828,S018,P00328,9,9,0,0.0
SC00000496,2025-12-31,INV00013412,S027,P00412,2,2,0,0.0
SC00000497,2025-12-31,INV00001714,S004,P00214,2,2,0,0.0
SC00000498,2025-12-31,INV00001858,S004,P00358,2,2,0,0.0
SC00000499,2025-12-31,INV00009282,S019,P00282,2,2,0,0.0
SC00000500,2025-12-31,INV00010814,S022,P00314,25,25,0,0.0
SC00000501,2025-12-31,INV00003917,S008,P00417,4,4,0,0.0
SC00000502,2025-12-31,INV00000228,S001,P00228,1,1,0,0.0
SC00000503,2025-12-31,INV00004647,S010,P00147,2,2,0,0.0
SC00000504,2025-12-31,INV00004026,S009,P00026,1,1,0,0.0
SC00000505,2025-12-31,INV00001129,S003,P00129,4,4,0,0.0
SC00000506,2025-12-31,INV00007388,S015,P00388,12,12,0,0.0
SC00000507,2025-12-31,INV00004011,S009,P00011,5,5,0,0.0
SC00000508,2025-12-31,INV00001324,S003,P00324,10,10,0,0.0
SC00000509,2025-12-31,INV00009249,S019,P00249,10,10,0,0.0
SC00000510,2025-12-31,INV00003249,S007,P00249,1,1,0,0.0
SC00000511,2025-12-31,INV00009090,S019,P00090,2,2,0,0.0
SC00000512,2025-12-31,INV00002875,S006,P00375,2,2,0,0.0
SC00000513,2025-12-31,INV00007988,S016,P00488,1,1,0,0.0
SC00000514,2025-12-31,INV00008229,S017,P00229,8,8,0,0.0
SC00000515,2025-12-31,INV00002102,S005,P00102,1,1,0,0.0
SC00000516,2025-12-31,INV00003186,S007,P00186,15,15,0,0.0
SC00000517,2025-12-31,INV00004687,S010,P00187,5,5,0,0.0
SC00000518,2025-12-31,INV00004141,S009,P00141,2,2,0,0.0
SC00000519,2025-12-31,INV00007399,S015,P00399,1,1,0,0.0
SC00000520,2025-12-31,INV00010214,S021,P00214,8,8,0,0.0
SC00000521,2025-12-31,INV00011881,S024,P00381,5,5,0,0.0
SC00000522,2025-12-31,INV00007581,S016,P00081,6,6,0,0.0
SC00000523,2025-12-31,INV00010345,S021,P00345,2,2,0,0.0
SC00000524,2025-12-31,INV00000795,S002,P00295,1,1,0,0.0
SC00000525,2025-12-31,INV00002653,S006,P00153,3,3,0,0.0
SC00000526,2025-12-31,INV00011896,S024,P00396,2,2,0,0.0
SC00000527,2025-12-31,INV00005965,S012,P00465,6,6,0,0.0
SC00000528,2025-12-31,INV00008445,S017,P00445,5,5,0,0.0
SC00000529,2025-12-31,INV00007080,S015,P00080,6,6,0,0.0
SC00000530,2025-12-31,INV00010227,S021,P00227,10,10,0,0.0
SC00000531,2025-12-31,INV00012495,S025,P00495,3,3,0,0.0
SC00000532,2025-12-31,INV00006159,S013,P00159,2,2,0,0.0
SC00000533,2025-12-31,INV00007377,S015,P00377,6,6,0,0.0
SC00000534,2025-12-31,INV00010535,S022,P00035,5,5,0,0.0
SC00000535,2025-12-31,INV00009128,S019,P00128,1,1,0,0.0
SC00000536,2025-12-31,INV00007467,S015,P00467,1,1,0,0.0
SC00000537,2025-12-31,INV00010784,S022,P00284,1,1,0,0.0
SC00000538,2025-12-31,INV00000973,S002,P00473,3,3,0,0.0
SC00000539,2025-12-31,INV00010292,S021,P00292,6,6,0,0.0
SC00000540,2025-12-31,INV00014905,S030,P00405,6,6,0,0.0
SC00000541,2025-12-31,INV00003348,S007,P00348,7,7,0,0.0
SC00000542,2025-12-31,INV00001119,S003,P00119,1,1,0,0.0
SC00000543,2025-12-31,INV00000776,S002,P00276,6,6,0,0.0
SC00000544,2025-12-31,INV00013801,S028,P00301,2,2,0,0.0
SC00000545,2025-12-31,INV00013726,S028,P00226,7,7,0,0.0
SC00000546,2025-12-31,INV00008534,S018,P00034,4,4,0,0.0
SC00000547,2025-12-31,INV00003462,S007,P00462,3,3,0,0.0
SC00000548,2025-12-31,INV00002766,S006,P00266,1,1,0,0.0
SC00000549,2025-12-31,INV00002501,S006,P00001,6,6,0,0.0
SC00000550,2025-12-31,INV00012244,S025,P00244,7,7,0,0.0
SC00000551,2025-12-31,INV00003575,S008,P00075,1,1,0,0.0
SC00000552,2025-12-31,INV00000150,S001,P00150,11,11,0,0.0
SC00000553,2025-12-31,INV00000113,S001,P00113,15,15,0,0.0
SC00000554,2025-12-31,INV00014945,S030,P00445,8,8,0,0.0
SC00000555,2025-12-31,INV00009696,S020,P00196,1,1,0,0.0
SC00000556,2025-12-31,INV00006549,S014,P00049,11,11,0,0.0
SC00000557,2025-12-31,INV00002803,S006,P00303,4,4,0,0.0
SC00000558,2025-12-31,INV00012453,S025,P00453,4,4,0,0.0
SC00000559,2025-12-31,INV00002535,S006,P00035,2,2,0,0.0
SC00000560,2025-12-31,INV00008647,S018,P00147,1,1,0,0.0
SC00000561,2025-12-31,INV00005478,S011,P00478,5,5,0,0.0
SC00000562,2025-12-31,INV00004856,S010,P00356,1,1,0,0.0
SC00000563,2025-12-31,INV00010603,S022,P00103,8,8,0,0.0
SC00000564,2025-12-31,INV00008358,S017,P00358,2,2,0,0.0
SC00000565,2025-12-31,INV00010621,S022,P00121,13,13,0,0.0
SC00000566,2025-12-31,INV00011488,S023,P00488,13,13,0,0.0
SC00000567,2025-12-31,INV00012559,S026,P00059,7,7,0,0.0
SC00000568,2025-12-31,INV00002845,S006,P00345,3,3,0,0.0
SC00000569,2025-12-31,INV00008055,S017,P00055,6,6,0,0.0
SC00000570,2025-12-31,INV00009229,S019,P00229,5,5,0,0.0
SC00000571,2025-12-31,INV00003106,S007,P00106,2,2,0,0.0
SC00000572,2025-12-31,INV00010118,S021,P00118,3,3,0,0.0
SC00000573,2025-12-31,INV00008876,S018,P00376,7,7,0,0.0
SC00000574,2025-12-31,INV00012443,S025,P00443,10,10,0,0.0
SC00000575,2025-12-31,INV00000459,S001,P00459,2,2,0,0.0
SC00000576,2025-12-31,INV00011438,S023,P00438,4,4,0,0.0
SC00000577,2025-12-31,INV00002946,S006,P00446,3,3,0,0.0
SC00000578,2025-12-31,INV00005516,S012,P00016,4,4,0,0.0
SC00000579,2025-12-31,INV00004747,S010,P00247,27,28,1,0.037
SC00000580,2025-12-31,INV00008058,S017,P00058,3,3,0,0.0
SC00000581,2025-12-31,INV00012664,S026,P00164,5,5,0,0.0
SC00000582,2025-12-31,INV00012334,S025,P00334,2,2,0,0.0
SC00000583,2025-12-31,INV00008733,S018,P00233,3,3,0,0.0
SC00000584,2025-12-31,INV00003845,S008,P00345,2,2,0,0.0
SC00000585,2025-12-31,INV00014226,S029,P00226,4,4,0,0.0
SC00000586,2025-12-31,INV00013379,S027,P00379,3,3,0,0.0
SC00000587,2025-12-31,INV00000977,S002,P00477,3,3,0,0.0
SC00000588,2025-12-31,INV00004113,S009,P00113,3,3,0,0.0
SC00000589,2025-12-31,INV00008226,S017,P00226,2,2,0,0.0
SC00000590,2025-12-31,INV00008248,S017,P00248,9,9,0,0.0
SC00000591,2025-12-31,INV00014141,S029,P00141,1,1,0,0.0
SC00000592,2025-12-31,INV00006222,S013,P00222,1,1,0,0.0
SC00000593,2025-12-31,INV00011420,S023,P00420,4,4,0,0.0
SC00000594,2025-12-31,INV00003650,S008,P00150,13,13,0,0.0
SC00000595,2025-12-31,INV00008950,S018,P00450,6,6,0,0.0
SC00000596,2025-12-31,INV00001962,S004,P00462,4,4,0,0.0
SC00000597,2025-12-31,INV00003277,S007,P00277,2,2,0,0.0
SC00000598,2025-12-31,INV00012428,S025,P00428,4,4,0,0.0
SC00000599,2025-12-31,INV00014928,S030,P00428,4,4,0,0.0
SC00000600,2025-12-31,INV00001625,S004,P00125,1,1,0,0.0
SC00000601,2025-12-31,INV00012753,S026,P00253,2,2,0,0.0
SC00000602,2025-12-31,INV00007361,S015,P00361,13,13,0,0.0
SC00000603,2025-12-31,INV00003759,S008,P00259,1,1,0,0.0
SC00000604,2025-12-31,INV00001879,S004,P00379,4,4,0,0.0
SC00000605,2025-12-31,INV00001806,S004,P00306,1,1,0,0.0
SC00000606,2025-12-31,INV00008345,S017,P00345,4,4,0,0.0
SC00000607,2025-12-31,INV00004047,S009,P00047,9,9,0,0.0
SC00000608,2025-12-31,INV00005387,S011,P00387,3,3,0,0.0
SC00000609,2025-12-31,INV00008982,S018,P00482,5,5,0,0.0
SC00000610,2025-12-31,INV00003157,S007,P00157,3,3,0,0.0
SC00000611,2025-12-31,INV00006588,S014,P00088,8,8,0,0.0
SC00000612,2025-12-31,INV00004154,S009,P00154,12,12,0,0.0
SC00000613,2025-12-31,INV00002447,S005,P00447,3,3,0,0.0
SC00000614,2025-12-31,INV00005242,S011,P00242,2,2,0,0.0
SC00000615,2025-12-31,INV00004318,S009,P00318,1,1,0,0.0
SC00000616,2025-12-31,INV00001343,S003,P00343,1,1,0,0.0
SC00000617,2025-12-31,INV00012679,S026,P00179,4,4,0,0.0
SC00000618,2025-12-31,INV00005394,S011,P00394,1,1,0,0.0
SC00000619,2025-12-31,INV00003941,S008,P00441,7,7,0,0.0
SC00000620,2025-12-31,INV00004380,S009,P00380,4,4,0,0.0
SC00000621,2025-12-31,INV00013942,S028,P00442,9,9,0,0.0
SC00000622,2025-12-31,INV00014761,S030,P00261,3,3,0,0.0
SC00000623,2025-12-31,INV00013100,S027,P00100,4,4,0,0.0
SC00000624,2025-12-31,INV00014969,S030,P00469,3,3,0,0.0
SC00000625,2025-12-31,INV00004236,S009,P00236,1,1,0,0.0
SC00000626,2025-12-31,INV00011365,S023,P00365,11,11,0,0.0
SC00000627,2025-12-31,INV00013681,S028,P00181,3,3,0,0.0
SC00000628,2025-12-31,INV00002897,S006,P00397,10,10,0,0.0
SC00000629,2025-12-31,INV00006019,S013,P00019,1,1,0,0.0
SC00000630,2025-12-31,INV00006487,S013,P00487,3,3,0,0.0
SC00000631,2025-12-31,INV00014191,S029,P00191,15,15,0,0.0
SC00000632,2025-12-31,INV00003750,S008,P00250,2,2,0,0.0
SC00000633,2025-12-31,INV00010598,S022,P00098,9,9,0,0.0
SC00000634,2025-12-31,INV00014743,S030,P00243,12,12,0,0.0
SC00000635,2025-12-31,INV00001836,S004,P00336,6,6,0,0.0
SC00000636,2025-12-31,INV00003963,S008,P00463,5,5,0,0.0
SC00000637,2025-12-31,INV00003973,S008,P00473,9,9,0,0.0
SC00000638,2025-12-31,INV00013808,S028,P00308,4,4,0,0.0
SC00000639,2025-12-31,INV00012563,S026,P00063,12,12,0,0.0
SC00000640,2025-12-31,INV00011856,S024,P00356,1,1,0,0.0
SC00000641,2025-12-31,INV00001803,S004,P00303,7,7,0,0.0
SC00000642,2025-12-31,INV00002029,S005,P00029,9,9,0,0.0
SC00000643,2025-12-31,INV00008211,S017,P00211,12,12,0,0.0
SC00000644,2025-12-31,INV00011918,S024,P00418,5,5,0,0.0
SC00000645,2025-12-31,INV00004261,S009,P00261,10,10,0,0.0
SC00000646,2025-12-31,INV00011129,S023,P00129,6,6,0,0.0
SC00000647,2025-12-31,INV00008329,S017,P00329,2,2,0,0.0
SC00000648,2025-12-31,INV00005341,S011,P00341,2,2,0,0.0
SC00000649,2025-12-31,INV00002342,S005,P00342,6,6,0,0.0
SC00000650,2025-12-31,INV00012568,S026,P00068,3,3,0,0.0
SC00000651,2025-12-31,INV00005073,S011,P00073,4,4,0,0.0
SC00000652,2025-12-31,INV00012202,S025,P00202,3,3,0,0.0
SC00000653,2025-12-31,INV00014874,S030,P00374,7,7,0,0.0
SC00000654,2025-12-31,INV00002974,S006,P00474,10,10,0,0.0
SC00000655,2025-12-31,INV00012525,S026,P00025,9,9,0,0.0
SC00000656,2025-12-31,INV00008423,S017,P00423,3,3,0,0.0
SC00000657,2025-12-31,INV00000408,S001,P00408,6,6,0,0.0
SC00000658,2025-12-31,INV00006189,S013,P00189,6,6,0,0.0
SC00000659,2025-12-31,INV00003089,S007,P00089,3,3,0,0.0
SC00000660,2025-12-31,INV00005615,S012,P00115,3,3,0,0.0
SC00000661,2025-12-31,INV00012847,S026,P00347,2,2,0,0.0
SC00000662,2025-12-31,INV00000288,S001,P00288,1,1,0,0.0
SC00000663,2025-12-31,INV00008671,S018,P00171,11,11,0,0.0
SC00000664,2025-12-31,INV00003313,S007,P00313,2,2,0,0.0
SC00000665,2025-12-31,INV00011756,S024,P00256,4,4,0,0.0
SC00000666,2025-12-31,INV00007321,S015,P00321,6,6,0,0.0
SC00000667,2025-12-31,INV00000115,S001,P00115,5,5,0,0.0
SC00000668,2025-12-31,INV00013282,S027,P00282,8,8,0,0.0
SC00000669,2025-12-31,INV00011608,S024,P00108,1,1,0,0.0
SC00000670,2025-12-31,INV00008157,S017,P00157,2,2,0,0.0
SC00000671,2025-12-31,INV00012896,S026,P00396,12,12,0,0.0
SC00000672,2025-12-31,INV00001483,S003,P00483,7,7,0,0.0
SC00000673,2025-12-31,INV00014184,S029,P00184,3,3,0,0.0
SC00000674,2025-12-31,INV00012099,S025,P00099,6,6,0,0.0
SC00000675,2025-12-31,INV00004184,S009,P00184,2,2,0,0.0
SC00000676,2025-12-31,INV00004101,S009,P00101,4,4,0,0.0
SC00000677,2025-12-31,INV00010392,S021,P00392,2,2,0,0.0
SC00000678,2025-12-31,INV00008992,S018,P00492,3,3,0,0.0
SC00000679,2025-12-31,INV00013096,S027,P00096,4,4,0,0.0
SC00000680,2025-12-31,INV00006844,S014,P00344,10,10,0,0.0
SC00000681,2025-12-31,INV00012268,S025,P00268,2,2,0,0.0
SC00000682,2025-12-31,INV00006035,S013,P00035,11,11,0,0.0
SC00000683,2025-12-31,INV00010304,S021,P00304,1,1,0,0.0
SC00000684,2025-12-31,INV00006470,S013,P00470,10,10,0,0.0
SC00000685,2025-12-31,INV00009002,S019,P00002,9,9,0,0.0
SC00000686,2025-12-31,INV00005362,S011,P00362,1,1,0,0.0
SC00000687,2025-12-31,INV00000817,S002,P00317,1,1,0,0.0
SC00000688,2025-12-31,INV00008045,S017,P00045,4,4,0,0.0
SC00000689,2025-12-31,INV00008414,S017,P00414,4,4,0,0.0
SC00000690,2025-12-31,INV00003795,S008,P00295,3,3,0,0.0
SC00000691,2025-12-31,INV00012464,S025,P00464,1,1,0,0.0
SC00000692,2025-12-31,INV00005427,S011,P00427,6,6,0,0.0
SC00000693,2025-12-31,INV00003630,S008,P00130,3,3,0,0.0
SC00000694,2025-12-31,INV00014960,S030,P00460,3,3,0,0.0
SC00000695,2025-12-31,INV00001467,S003,P00467,6,6,0,0.0
SC00000696,2025-12-31,INV00008656,S018,P00156,2,2,0,0.0
SC00000697,2025-12-31,INV00010912,S022,P00412,5,5,0,0.0
SC00000698,2025-12-31,INV00011366,S023,P00366,1,1,0,0.0
SC00000699,2025-12-31,INV00013830,S028,P00330,4,4,0,0.0
SC00000700,2025-12-31,INV00003738,S008,P00238,3,3,0,0.0
SC00000701,2025-12-31,INV00011572,S024,P00072,1,1,0,0.0
SC00000702,2025-12-31,INV00011839,S024,P00339,5,5,0,0.0
SC00000703,2025-12-31,INV00001948,S004,P00448,6,6,0,0.0
SC00000704,2025-12-31,INV00007922,S016,P00422,2,2,0,0.0
SC00000705,2025-12-31,INV00000685,S002,P00185,1,1,0,0.0
SC00000706,2025-12-31,INV00003597,S008,P00097,3,3,0,0.0
SC00000707,2025-12-31,INV00008644,S018,P00144,6,6,0,0.0
SC00000708,2025-12-31,INV00011666,S024,P00166,5,5,0,0.0
SC00000709,2025-12-31,INV00003292,S007,P00292,5,5,0,0.0
SC00000710,2025-12-31,INV00003000,S006,P00500,9,9,0,0.0
SC00000711,2025-12-31,INV00012661,S026,P00161,7,7,0,0.0
SC00000712,2025-12-31,INV00014439,S029,P00439,7,7,0,0.0
SC00000713,2025-12-31,INV00009227,S019,P00227,4,4,0,0.0
SC00000714,2025-12-31,INV00002950,S006,P00450,3,3,0,0.0
SC00000715,2025-12-31,INV00003161,S007,P00161,5,5,0,0.0
SC00000716,2025-12-31,INV00000120,S001,P00120,5,5,0,0.0
SC00000717,2025-12-31,INV00012216,S025,P00216,2,2,0,0.0
SC00000718,2025-12-31,INV00005939,S012,P00439,4,4,0,0.0
SC00000719,2025-12-31,INV00006504,S014,P00004,7,7,0,0.0
SC00000720,2025-12-31,INV00004509,S010,P00009,1,1,0,0.0
SC00000721,2025-12-31,INV00011157,S023,P00157,27,28,1,0.037
SC00000722,2025-12-31,INV00013596,S028,P00096,1,1,0,0.0
SC00000723,2025-12-31,INV00002387,S005,P00387,6,6,0,0.0
SC00000724,2025-12-31,INV00008715,S018,P00215,6,6,0,0.0
SC00000725,2025-12-31,INV00004455,S009,P00455,3,3,0,0.0
SC00000726,2025-12-31,INV00001649,S004,P00149,4,4,0,0.0
SC00000727,2025-12-31,INV00001454,S003,P00454,3,3,0,0.0
SC00000728,2025-12-31,INV00005433,S011,P00433,2,2,0,0.0
SC00000729,2025-12-31,INV00000200,S001,P00200,10,10,0,0.0
SC00000730,2025-12-31,INV00005721,S012,P00221,25,26,1,0.04
SC00000731,2025-12-31,INV00005927,S012,P00427,1,1,0,0.0
SC00000732,2025-12-31,INV00012878,S026,P00378,3,3,0,0.0
SC00000733,2025-12-31,INV00000246,S001,P00246,1,1,0,0.0
SC00000734,2025-12-31,INV00009556,S020,P00056,20,21,1,0.05
SC00000735,2025-12-31,INV00014821,S030,P00321,2,2,0,0.0
SC00000736,2025-12-31,INV00003481,S007,P00481,2,2,0,0.0
SC00000737,2025-12-31,INV00011858,S024,P00358,4,4,0,0.0
SC00000738,2025-12-31,INV00005500,S011,P00500,7,7,0,0.0
SC00000739,2025-12-31,INV00013288,S027,P00288,6,6,0,0.0
SC00000740,2025-12-31,INV00000084,S001,P00084,4,4,0,0.0
SC00000741,2025-12-31,INV00000527,S002,P00027,3,3,0,0.0
SC00000742,2025-12-31,INV00009191,S019,P00191,1,1,0,0.0
SC00000743,2025-12-31,INV00002614,S006,P00114,3,3,0,0.0
SC00000744,2025-12-31,INV00006713,S014,P00213,1,1,0,0.0
SC00000745,2025-12-31,INV00014362,S029,P00362,4,4,0,0.0
SC00000746,2025-12-31,INV00003704,S008,P00204,3,3,0,0.0
SC00000747,2025-12-31,INV00010504,S022,P00004,3,3,0,0.0
SC00000748,2025-12-31,INV00010766,S022,P00266,12,12,0,0.0
SC00000749,2025-12-31,INV00004759,S010,P00259,2,2,0,0.0
SC00000750,2025-12-31,INV00007326,S015,P00326,6,6,0,0.0
SC00000751,2025-12-31,INV00004403,S009,P00403,1,1,0,0.0
SC00000752,2025-12-31,INV00006879,S014,P00379,2,2,0,0.0
SC00000753,2025-12-31,INV00008639,S018,P00139,7,7,0,0.0
SC00000754,2025-12-31,INV00002958,S006,P00458,1,1,0,0.0
SC00000755,2025-12-31,INV00009080,S019,P00080,5,5,0,0.0
SC00000756,2025-12-31,INV00007209,S015,P00209,8,8,0,0.0
SC00000757,2025-12-31,INV00008949,S018,P00449,2,2,0,0.0
SC00000758,2025-12-31,INV00002205,S005,P00205,4,4,0,0.0
SC00000759,2025-12-31,INV00008235,S017,P00235,2,2,0,0.0
SC00000760,2025-12-31,INV00005217,S011,P00217,9,9,0,0.0
SC00000761,2025-12-31,INV00003989,S008,P00489,4,4,0,0.0
SC00000762,2025-12-31,INV00002109,S005,P00109,8,8,0,0.0
SC00000763,2025-12-31,INV00005919,S012,P00419,10,10,0,0.0
SC00000764,2025-12-31,INV00012438,S025,P00438,8,8,0,0.0
SC00000765,2025-12-31,INV00003808,S008,P00308,1,1,0,0.0
SC00000766,2025-12-31,INV00007200,S015,P00200,11,11,0,0.0
SC00000767,2025-12-31,INV00000031,S001,P00031,8,8,0,0.0
SC00000768,2025-12-31,INV00007594,S016,P00094,2,2,0,0.0
SC00000769,2025-12-31,INV00011221,S023,P00221,10,10,0,0.0
SC00000770,2025-12-31,INV00000380,S001,P00380,3,3,0,0.0
SC00000771,2025-12-31,INV00001416,S003,P00416,5,5,0,0.0
SC00000772,2025-12-31,INV00014061,S029,P00061,8,8,0,0.0
SC00000773,2025-12-31,INV00001491,S003,P00491,7,7,0,0.0
SC00000774,2025-12-31,INV00007457,S015,P00457,4,4,0,0.0
SC00000775,2025-12-31,INV00007858,S016,P00358,11,11,0,0.0
SC00000776,2025-12-31,INV00013901,S028,P00401,8,8,0,0.0
SC00000777,2025-12-31,INV00002129,S005,P00129,1,1,0,0.0
SC00000778,2025-12-31,INV00003755,S008,P00255,3,3,0,0.0
SC00000779,2025-12-31,INV00011824,S024,P00324,4,4,0,0.0
SC00000780,2025-12-31,INV00008488,S017,P00488,2,2,0,0.0
SC00000781,2025-12-31,INV00010873,S022,P00373,5,5,0,0.0
SC00000782,2025-12-31,INV00014149,S029,P00149,3,3,0,0.0
SC00000783,2025-12-31,INV00013371,S027,P00371,6,6,0,0.0
SC00000784,2025-12-31,INV00001299,S003,P00299,7,7,0,0.0
SC00000785,2025-12-31,INV00011077,S023,P00077,4,4,0,0.0
SC00000786,2025-12-31,INV00007324,S015,P00324,4,4,0,0.0
SC00000787,2025-12-31,INV00003798,S008,P00298,2,2,0,0.0
SC00000788,2025-12-31,INV00011253,S023,P00253,2,2,0,0.0
SC00000789,2025-12-31,INV00013552,S028,P00052,3,3,0,0.0
SC00000790,2025-12-31,INV00006876,S014,P00376,4,4,0,0.0
SC00000791,2025-12-31,INV00001975,S004,P00475,4,4,0,0.0
SC00000792,2025-12-31,INV00003832,S008,P00332,5,5,0,0.0
SC00000793,2025-12-31,INV00007993,S016,P00493,5,5,0,0.0
SC00000794,2025-12-31,INV00010970,S022,P00470,3,3,0,0.0
SC00000795,2025-12-31,INV00005321,S011,P00321,1,1,0,0.0
SC00000796,2025-12-31,INV00006217,S013,P00217,2,2,0,0.0
SC00000797,2025-12-31,INV00002145,S005,P00145,7,7,0,0.0
SC00000798,2025-12-31,INV00002526,S006,P00026,12,12,0,0.0
SC00000799,2025-12-31,INV00002466,S005,P00466,3,3,0,0.0
SC00000800,2025-12-31,INV00005717,S012,P00217,3,3,0,0.0
SC00000801,2025-12-31,INV00009322,S019,P00322,14,14,0,0.0
SC00000802,2025-12-31,INV00004905,S010,P00405,5,5,0,0.0
SC00000803,2025-12-31,INV00013085,S027,P00085,5,5,0,0.0
SC00000804,2025-12-31,INV00014443,S029,P00443,14,14,0,0.0
SC00000805,2025-12-31,INV00002220,S005,P00220,11,11,0,0.0
SC00000806,2025-12-31,INV00011690,S024,P00190,9,9,0,0.0
SC00000807,2025-12-31,INV00006605,S014,P00105,5,5,0,0.0
SC00000808,2025-12-31,INV00003130,S007,P00130,8,8,0,0.0
SC00000809,2025-12-31,INV00006717,S014,P00217,9,9,0,0.0
SC00000810,2025-12-31,INV00010117,S021,P00117,3,3,0,0.0
SC00000811,2025-12-31,INV00012433,S025,P00433,1,1,0,0.0
SC00000812,2025-12-31,INV00009402,S019,P00402,9,9,0,0.0
SC00000813,2025-12-31,INV00013876,S028,P00376,2,2,0,0.0
SC00000814,2025-12-31,INV00013068,S027,P00068,5,5,0,0.0
SC00000815,2025-12-31,INV00009111,S019,P00111,9,9,0,0.0
SC00000816,2025-12-31,INV00004575,S010,P00075,11,11,0,0.0
SC00000817,2025-12-31,INV00010162,S021,P00162,3,3,0,0.0
SC00000818,2025-12-31,INV00003668,S008,P00168,1,1,0,0.0
SC00000819,2025-12-31,INV00014430,S029,P00430,1,1,0,0.0
SC00000820,2025-12-31,INV00013773,S028,P00273,4,4,0,0.0
SC00000821,2025-12-31,INV00006206,S013,P00206,1,1,0,0.0
SC00000822,2025-12-31,INV00006807,S014,P00307,4,4,0,0.0
SC00000823,2025-12-31,INV00002959,S006,P00459,2,2,0,0.0
SC00000824,2025-12-31,INV00010431,S021,P00431,3,3,0,0.0
SC00000825,2025-12-31,INV00004226,S009,P00226,11,11,0,0.0
SC00000826,2025-12-31,INV00007481,S015,P00481,7,7,0,0.0
SC00000827,2025-12-31,INV00013991,S028,P00491,6,6,0,0.0
SC00000828,2025-12-31,INV00014977,S030,P00477,5,5,0,0.0
SC00000829,2025-12-31,INV00013129,S027,P00129,2,2,0,0.0
SC00000830,2025-12-31,INV00007354,S015,P00354,1,1,0,0.0
SC00000831,2025-12-31,INV00012011,S025,P00011,4,4,0,0.0
SC00000832,2025-12-31,INV00011028,S023,P00028,6,6,0,0.0
SC00000833,2025-12-31,INV00002325,S005,P00325,6,6,0,0.0
SC00000834,2025-12-31,INV00014026,S029,P00026,1,1,0,0.0
SC00000835,2025-12-31,INV00010272,S021,P00272,3,3,0,0.0
SC00000836,2025-12-31,INV00007752,S016,P00252,2,2,0,0.0
SC00000837,2025-12-31,INV00008259,S017,P00259,3,3,0,0.0
SC00000838,2025-12-31,INV00014583,S030,P00083,4,4,0,0.0
SC00000839,2025-12-31,INV00014922,S030,P00422,4,4,0,0.0
SC00000840,2025-12-31,INV00014898,S030,P00398,10,10,0,0.0
SC00000841,2025-12-31,INV00006998,S014,P00498,1,1,0,0.0
SC00000842,2025-12-31,INV00014950,S030,P00450,2,2,0,0.0
SC00000843,2025-12-31,INV00012332,S025,P00332,1,1,0,0.0
SC00000844,2025-12-31,INV00006413,S013,P00413,1,1,0,0.0
SC00000845,2025-12-31,INV00008693,S018,P00193,1,1,0,0.0
SC00000846,2025-12-31,INV00013610,S028,P00110,2,2,0,0.0
SC00000847,2025-12-31,INV00010064,S021,P00064,5,5,0,0.0
SC00000848,2025-12-31,INV00012668,S026,P00168,1,1,0,0.0
SC00000849,2025-12-31,INV00014724,S030,P00224,1,1,0,0.0
SC00000850,2025-12-31,INV00014553,S030,P00053,3,3,0,0.0
SC00000851,2025-12-31,INV00013967,S028,P00467,3,3,0,0.0
SC00000852,2025-12-31,INV00007884,S016,P00384,6,6,0,0.0
SC00000853,2025-12-31,INV00000840,S002,P00340,5,5,0,0.0
SC00000854,2025-12-31,INV00010053,S021,P00053,7,7,0,0.0
SC00000855,2025-12-31,INV00008795,S018,P00295,4,4,0,0.0
SC00000856,2025-12-31,INV00004411,S009,P00411,1,1,0,0.0
SC00000857,2025-12-31,INV00013074,S027,P00074,1,1,0,0.0
SC00000858,2025-12-31,INV00000003,S001,P00003,2,2,0,0.0
SC00000859,2025-12-31,INV00014168,S029,P00168,4,4,0,0.0
SC00000860,2025-12-31,INV00001045,S003,P00045,9,9,0,0.0
SC00000861,2025-12-31,INV00010000,S020,P00500,4,4,0,0.0
SC00000862,2025-12-31,INV00012018,S025,P00018,25,24,-1,-0.04
SC00000863,2025-12-31,INV00010503,S022,P00003,4,4,0,0.0
SC00000864,2025-12-31,INV00005778,S012,P00278,8,8,0,0.0
SC00000865,2025-12-31,INV00009639,S020,P00139,3,3,0,0.0
SC00000866,2025-12-31,INV00003278,S007,P00278,3,3,0,0.0
SC00000867,2025-12-31,INV00007637,S016,P00137,4,4,0,0.0
SC00000868,2025-12-31,INV00008616,S018,P00116,2,2,0,0.0
SC00000869,2025-12-31,INV00006823,S014,P00323,4,4,0,0.0
SC00000870,2025-12-31,INV00002708,S006,P00208,3,3,0,0.0
SC00000871,2025-12-31,INV00002058,S005,P00058,1,1,0,0.0
SC00000872,2025-12-31,INV00005995,S012,P00495,9,9,0,0.0
SC00000873,2025-12-31,INV00011503,S024,P00003,2,2,0,0.0
SC00000874,2025-12-31,INV00010984,S022,P00484,1,1,0,0.0
SC00000875,2025-12-31,INV00010269,S021,P00269,1,1,0,0.0
SC00000876,2025-12-31,INV00007167,S015,P00167,1,1,0,0.0
SC00000877,2025-12-31,INV00001241,S003,P00241,1,1,0,0.0
SC00000878,2025-12-31,INV00002364,S005,P00364,3,3,0,0.0
SC00000879,2025-12-31,INV00004811,S010,P00311,3,3,0,0.0
SC00000880,2025-12-31,INV00007557,S016,P00057,3,3,0,0.0
SC00000881,2025-12-31,INV00006396,S013,P00396,6,6,0,0.0
SC00000882,2025-12-31,INV00003282,S007,P00282,6,6,0,0.0
SC00000883,2025-12-31,INV00000912,S002,P00412,3,3,0,0.0
SC00000884,2025-12-31,INV00008551,S018,P00051,6,6,0,0.0
SC00000885,2025-12-31,INV00005521,S012,P00021,8,8,0,0.0
SC00000886,2025-12-31,INV00000804,S002,P00304,6,6,0,0.0
SC00000887,2025-12-31,INV00012272,S025,P00272,1,1,0,0.0
SC00000888,2025-12-31,INV00014585,S030,P00085,6,6,0,0.0
SC00000889,2025-12-31,INV00006519,S014,P00019,6,6,0,0.0
SC00000890,2025-12-31,INV00010725,S022,P00225,1,1,0,0.0
SC00000891,2025-12-31,INV00013836,S028,P00336,5,5,0,0.0
SC00000892,2025-12-31,INV00013406,S027,P00406,11,11,0,0.0
SC00000893,2025-12-31,INV00014099,S029,P00099,6,6,0,0.0
SC00000894,2025-12-31,INV00012519,S026,P00019,3,3,0,0.0
SC00000895,2025-12-31,INV00002328,S005,P00328,3,3,0,0.0
SC00000896,2025-12-31,INV00011088,S023,P00088,1,1,0,0.0
SC00000897,2025-12-31,INV00006729,S014,P00229,2,2,0,0.0
SC00000898,2025-12-31,INV00002998,S006,P00498,4,4,0,0.0
SC00000899,2025-12-31,INV00000595,S002,P00095,7,7,0,0.0
SC00000900,2025-12-31,INV00013997,S028,P00497,1,1,0,0.0
SC00000901,2025-12-31,INV00009228,S019,P00228,2,2,0,0.0
SC00000902,2025-12-31,INV00008983,S018,P00483,7,7,0,0.0
SC00000903,2025-12-31,INV00000192,S001,P00192,4,4,0,0.0
SC00000904,2025-12-31,INV00003601,S008,P00101,6,6,0,0.0
SC00000905,2025-12-31,INV00005392,S011,P00392,2,2,0,0.0
SC00000906,2025-12-31,INV00010866,S022,P00366,8,8,0,0.0
SC00000907,2025-12-31,INV00010819,S022,P00319,9,9,0,0.0
SC00000908,2025-12-31,INV00006271,S013,P00271,4,4,0,0.0
SC00000909,2025-12-31,INV00002202,S005,P00202,4,4,0,0.0
SC00000910,2025-12-31,INV00011501,S024,P00001,29,29,0,0.0
SC00000911,2025-12-31,INV00008611,S018,P00111,13,13,0,0.0
SC00000912,2025-12-31,INV00012842,S026,P00342,2,2,0,0.0
SC00000913,2025-12-31,INV00002585,S006,P00085,6,6,0,0.0
SC00000914,2025-12-31,INV00004399,S009,P00399,6,6,0,0.0
SC00000915,2025-12-31,INV00010121,S021,P00121,2,2,0,0.0
SC00000916,2025-12-31,INV00009947,S020,P00447,1,1,0,0.0
SC00000917,2025-12-31,INV00005345,S011,P00345,1,1,0,0.0
SC00000918,2025-12-31,INV00004165,S009,P00165,1,1,0,0.0
SC00000919,2025-12-31,INV00010363,S021,P00363,11,11,0,0.0
SC00000920,2025-12-31,INV00006989,S014,P00489,1,1,0,0.0
SC00000921,2025-12-31,INV00008743,S018,P00243,4,4,0,0.0
SC00000922,2025-12-31,INV00007524,S016,P00024,8,8,0,0.0
SC00000923,2025-12-31,INV00008081,S017,P00081,6,6,0,0.0
SC00000924,2025-12-31,INV00001558,S004,P00058,12,12,0,0.0
SC00000925,2025-12-31,INV00010120,S021,P00120,4,4,0,0.0
SC00000926,2025-12-31,INV00009444,S019,P00444,6,6,0,0.0
SC00000927,2025-12-31,INV00013204,S027,P00204,4,4,0,0.0
SC00000928,2025-12-31,INV00001572,S004,P00072,7,7,0,0.0
SC00000929,2025-12-31,INV00007625,S016,P00125,3,3,0,0.0
SC00000930,2025-12-31,INV00006093,S013,P00093,1,1,0,0.0
SC00000931,2025-12-31,INV00008798,S018,P00298,4,4,0,0.0
SC00000932,2025-12-31,INV00001317,S003,P00317,4,4,0,0.0
SC00000933,2025-12-31,INV00001936,S004,P00436,1,1,0,0.0
SC00000934,2025-12-31,INV00000328,S001,P00328,2,2,0,0.0
SC00000935,2025-12-31,INV00010646,S022,P00146,9,9,0,0.0
SC00000936,2025-12-31,INV00013192,S027,P00192,1,1,0,0.0
SC00000937,2025-12-31,INV00012215,S025,P00215,2,2,0,0.0
SC00000938,2025-12-31,INV00013515,S028,P00015,3,3,0,0.0
SC00000939,2025-12-31,INV00005663,S012,P00163,1,1,0,0.0
SC00000940,2025-12-31,INV00004602,S010,P00102,1,1,0,0.0
SC00000941,2025-12-31,INV00005157,S011,P00157,3,3,0,0.0
SC00000942,2025-12-31,INV00013177,S027,P00177,5,5,0,0.0
SC00000943,2025-12-31,INV00014530,S030,P00030,4,4,0,0.0
SC00000944,2025-12-31,INV00011604,S024,P00104,2,2,0,0.0
SC00000945,2025-12-31,INV00006600,S014,P00100,3,3,0,0.0
SC00000946,2025-12-31,INV00008052,S017,P00052,3,3,0,0.0
SC00000947,2025-12-31,INV00002980,S006,P00480,1,1,0,0.0
SC00000948,2025-12-31,INV00012501,S026,P00001,10,10,0,0.0
SC00000949,2025-12-31,INV00013768,S028,P00268,1,1,0,0.0
SC00000950,2025-12-31,INV00011394,S023,P00394,1,1,0,0.0
SC00000951,2025-12-31,INV00012164,S025,P00164,17,17,0,0.0
SC00000952,2025-12-31,INV00009860,S020,P00360,6,6,0,0.0
SC00000953,2025-12-31,INV00003404,S007,P00404,6,6,0,0.0
SC00000954,2025-12-31,INV00001032,S003,P00032,8,8,0,0.0
SC00000955,2025-12-31,INV00011228,S023,P00228,1,1,0,0.0
SC00000956,2025-12-31,INV00007007,S015,P00007,4,4,0,0.0
SC00000957,2025-12-31,INV00005503,S012,P00003,13,13,0,0.0
SC00000958,2025-12-31,INV00000980,S002,P00480,4,4,0,0.0
SC00000959,2025-12-31,INV00007571,S016,P00071,1,1,0,0.0
SC00000960,2025-12-31,INV00005835,S012,P00335,13,13,0,0.0
SC00000961,2025-12-31,INV00004382,S009,P00382,8,8,0,0.0
SC00000962,2025-12-31,INV00000134,S001,P00134,5,5,0,0.0
SC00000963,2025-12-31,INV00012524,S026,P00024,1,1,0,0.0
SC00000964,2025-12-31,INV00001841,S004,P00341,1,1,0,0.0
SC00000965,2025-12-31,INV00006704,S014,P00204,3,3,0,0.0
SC00000966,2025-12-31,INV00011184,S023,P00184,7,7,0,0.0
SC00000967,2025-12-31,INV00009034,S019,P00034,12,12,0,0.0
SC00000968,2025-12-31,INV00009387,S019,P00387,1,1,0,0.0
SC00000969,2025-12-31,INV00004060,S009,P00060,2,2,0,0.0
SC00000970,2025-12-31,INV00014747,S030,P00247,5,5,0,0.0
SC00000971,2025-12-31,INV00002020,S005,P00020,2,2,0,0.0
SC00000972,2025-12-31,INV00002239,S005,P00239,5,5,0,0.0
SC00000973,2025-12-31,INV00002576,S006,P00076,4,4,0,0.0
SC00000974,2025-12-31,INV00007040,S015,P00040,3,3,0,0.0
SC00000975,2025-12-31,INV00004995,S010,P00495,3,3,0,0.0
SC00000976,2025-12-31,INV00001885,S004,P00385,13,13,0,0.0
SC00000977,2025-12-31,INV00011551,S024,P00051,6,6,0,0.0
SC00000978,2025-12-31,INV00009743,S020,P00243,4,4,0,0.0
SC00000979,2025-12-31,INV00008956,S018,P00456,1,1,0,0.0
SC00000980,2025-12-31,INV00012231,S025,P00231,13,13,0,0.0
SC00000981,2025-12-31,INV00002487,S005,P00487,5,5,0,0.0
SC00000982,2025-12-31,INV00011514,S024,P00014,5,5,0,0.0
SC00000983,2025-12-31,INV00006903,S014,P00403,20,21,1,0.05
SC00000984,2025-12-31,INV00004161,S009,P00161,1,1,0,0.0
SC00000985,2025-12-31,INV00014455,S029,P00455,2,2,0,0.0
SC00000986,2025-12-31,INV00004038,S009,P00038,1,1,0,0.0
SC00000987,2025-12-31,INV00011264,S023,P00264,2,2,0,0.0
SC00000988,2025-12-31,INV00005282,S011,P00282,7,7,0,0.0
SC00000989,2025-12-31,INV00006252,S013,P00252,7,7,0,0.0
SC00000990,2025-12-31,INV00002277,S005,P00277,2,2,0,0.0
SC00000991,2025-12-31,INV00002705,S006,P00205,3,3,0,0.0
SC00000992,2025-12-31,INV00005279,S011,P00279,20,19,-1,-0.05
SC00000993,2025-12-31,INV00006698,S014,P00198,6,6,0,0.0
SC00000994,2025-12-31,INV00006063,S013,P00063,10,10,0,0.0
SC00000995,2025-12-31,INV00005824,S012,P00324,2,2,0,0.0
SC00000996,2025-12-31,INV00000774,S002,P00274,2,2,0,0.0
SC00000997,2025-12-31,INV00004547,S010,P00047,4,4,0,0.0
SC00000998,2025-12-31,INV00008540,S018,P00040,3,3,0,0.0
SC00000999,2025-12-31,INV00013858,S028,P00358,6,6,0,0.0
SC00001000,2025-12-31,INV00007477,S015,P00477,4,4,0,0.0
SC00001001,2025-12-31,INV00012017,S025,P00017,4,4,0,0.0
SC00001002,2025-12-31,INV00011267,S023,P00267,7,7,0,0.0
SC00001003,2025-12-31,INV00009553,S020,P00053,2,2,0,0.0
SC00001004,2025-12-31,INV00009289,S019,P00289,2,2,0,0.0
SC00001005,2025-12-31,INV00006099,S013,P00099,4,4,0,0.0
SC00001006,2025-12-31,INV00005879,S012,P00379,2,2,0,0.0
SC00001007,2025-12-31,INV00008127,S017,P00127,2,2,0,0.0
SC00001008,2025-12-31,INV00005954,S012,P00454,1,1,0,0.0
SC00001009,2025-12-31,INV00014588,S030,P00088,8,8,0,0.0
SC00001010,2025-12-31,INV00004926,S010,P00426,1,1,0,0.0
SC00001011,2025-12-31,INV00003176,S007,P00176,14,14,0,0.0
SC00001012,2025-12-31,INV00005669,S012,P00169,3,3,0,0.0
SC00001013,2025-12-31,INV00001384,S003,P00384,8,8,0,0.0
SC00001014,2025-12-31,INV00000087,S001,P00087,3,3,0,0.0
SC00001015,2025-12-31,INV00005703,S012,P00203,4,4,0,0.0
SC00001016,2025-12-31,INV00013187,S027,P00187,2,2,0,0.0
SC00001017,2025-12-31,INV00000111,S001,P00111,5,5,0,0.0
SC00001018,2025-12-31,INV00013647,S028,P00147,1,1,0,0.0
SC00001019,2025-12-31,INV00001457,S003,P00457,1,1,0,0.0
SC00001020,2025-12-31,INV00007538,S016,P00038,9,9,0,0.0
SC00001021,2025-12-31,INV00013306,S027,P00306,6,6,0,0.0
SC00001022,2025-12-31,INV00014298,S029,P00298,3,3,0,0.0
SC00001023,2025-12-31,INV00009805,S020,P00305,1,1,0,0.0
SC00001024,2025-12-31,INV00009873,S020,P00373,14,14,0,0.0
SC00001025,2025-12-31,INV00004185,S009,P00185,4,4,0,0.0
SC00001026,2025-12-31,INV00008543,S018,P00043,6,6,0,0.0
SC00001027,2025-12-31,INV00001566,S004,P00066,9,9,0,0.0
SC00001028,2025-12-31,INV00001947,S004,P00447,10,10,0,0.0
SC00001029,2025-12-31,INV00001139,S003,P00139,8,8,0,0.0
SC00001030,2025-12-31,INV00010387,S021,P00387,1,1,0,0.0
SC00001031,2025-12-31,INV00013807,S028,P00307,17,17,0,0.0
SC00001032,2025-12-31,INV00002546,S006,P00046,11,11,0,0.0
SC00001033,2025-12-31,INV00006949,S014,P00449,11,11,0,0.0
SC00001034,2025-12-31,INV00012145,S025,P00145,8,8,0,0.0
SC00001035,2025-12-31,INV00005312,S011,P00312,11,11,0,0.0
SC00001036,2025-12-31,INV00005708,S012,P00208,1,1,0,0.0
SC00001037,2025-12-31,INV00001850,S004,P00350,3,3,0,0.0
SC00001038,2025-12-31,INV00014873,S030,P00373,6,6,0,0.0
SC00001039,2025-12-31,INV00008520,S018,P00020,1,1,0,0.0
SC00001040,2025-12-31,INV00002057,S005,P00057,5,5,0,0.0
SC00001041,2025-12-31,INV00005687,S012,P00187,18,18,0,0.0
SC00001042,2025-12-31,INV00002569,S006,P00069,7,7,0,0.0
SC00001043,2025-12-31,INV00001141,S003,P00141,1,1,0,0.0
SC00001044,2025-12-31,INV00014394,S029,P00394,12,12,0,0.0
SC00001045,2025-12-31,INV00003252,S007,P00252,1,1,0,0.0
SC00001046,2025-12-31,INV00013974,S028,P00474,1,1,0,0.0
SC00001047,2025-12-31,INV00010388,S021,P00388,4,4,0,0.0
SC00001048,2025-12-31,INV00012973,S026,P00473,5,5,0,0.0
SC00001049,2025-12-31,INV00011469,S023,P00469,9,9,0,0.0
SC00001050,2025-12-31,INV00011099,S023,P00099,4,4,0,0.0
SC00001051,2025-12-31,INV00000813,S002,P00313,6,6,0,0.0
SC00001052,2025-12-31,INV00000670,S002,P00170,2,2,0,0.0
SC00001053,2025-12-31,INV00014192,S029,P00192,7,7,0,0.0
SC00001054,2025-12-31,INV00009612,S020,P00112,28,28,0,0.0
SC00001055,2025-12-31,INV00006936,S014,P00436,6,6,0,0.0
SC00001056,2025-12-31,INV00013507,S028,P00007,3,3,0,0.0
SC00001057,2025-12-31,INV00006567,S014,P00067,10,10,0,0.0
SC00001058,2025-12-31,INV00001431,S003,P00431,10,10,0,0.0
SC00001059,2025-12-31,INV00006260,S013,P00260,2,2,0,0.0
SC00001060,2025-12-31,INV00011624,S024,P00124,8,8,0,0.0
SC00001061,2025-12-31,INV00013382,S027,P00382,5,5,0,0.0
SC00001062,2025-12-31,INV00007727,S016,P00227,1,1,0,0.0
SC00001063,2025-12-31,INV00005909,S012,P00409,2,2,0,0.0
SC00001064,2025-12-31,INV00006976,S014,P00476,6,6,0,0.0
SC00001065,2025-12-31,INV00002383,S005,P00383,5,5,0,0.0
SC00001066,2025-12-31,INV00011612,S024,P00112,1,1,0,0.0
SC00001067,2025-12-31,INV00011154,S023,P00154,4,4,0,0.0
SC00001068,2025-12-31,INV00005666,S012,P00166,5,5,0,0.0
SC00001069,2025-12-31,INV00009620,S020,P00120,10,10,0,0.0
SC00001070,2025-12-31,INV00007433,S015,P00433,4,4,0,0.0
SC00001071,2025-12-31,INV00010524,S022,P00024,2,2,0,0.0
SC00001072,2025-12-31,INV00012172,S025,P00172,2,2,0,0.0
SC00001073,2025-12-31,INV00014350,S029,P00350,2,2,0,0.0
SC00001074,2025-12-31,INV00014458,S029,P00458,7,7,0,0.0
SC00001075,2025-12-31,INV00014831,S030,P00331,3,3,0,0.0
SC00001076,2025-12-31,INV00008657,S018,P00157,4,4,0,0.0
SC00001077,2025-12-31,INV00006294,S013,P00294,1,1,0,0.0
SC00001078,2025-12-31,INV00005005,S011,P00005,4,4,0,0.0
SC00001079,2025-12-31,INV00001013,S003,P00013,8,8,0,0.0
SC00001080,2025-12-31,INV00003661,S008,P00161,1,1,0,0.0
SC00001081,2025-12-31,INV00006529,S014,P00029,10,10,0,0.0
SC00001082,2025-12-31,INV00008842,S018,P00342,3,3,0,0.0
SC00001083,2025-12-31,INV00009561,S020,P00061,2,2,0,0.0
SC00001084,2025-12-31,INV00004412,S009,P00412,4,4,0,0.0
SC00001085,2025-12-31,INV00007419,S015,P00419,1,1,0,0.0
SC00001086,2025-12-31,INV00004218,S009,P00218,1,1,0,0.0
SC00001087,2025-12-31,INV00001617,S004,P00117,2,2,0,0.0
SC00001088,2025-12-31,INV00011002,S023,P00002,3,3,0,0.0
SC00001089,2025-12-31,INV00013235,S027,P00235,1,1,0,0.0
SC00001090,2025-12-31,INV00008545,S018,P00045,1,1,0,0.0
SC00001091,2025-12-31,INV00000770,S002,P00270,3,3,0,0.0
SC00001092,2025-12-31,INV00013990,S028,P00490,4,4,0,0.0
SC00001093,2025-12-31,INV00014976,S030,P00476,9,9,0,0.0
SC00001094,2025-12-31,INV00001657,S004,P00157,12,12,0,0.0
SC00001095,2025-12-31,INV00014378,S029,P00378,9,9,0,0.0
SC00001096,2025-12-31,INV00009995,S020,P00495,1,1,0,0.0
SC00001097,2025-12-31,INV00003663,S008,P00163,3,3,0,0.0
SC00001098,2025-12-31,INV00010974,S022,P00474,6,6,0,0.0
SC00001099,2025-12-31,INV00006925,S014,P00425,1,1,0,0.0
SC00001100,2025-12-31,INV00007558,S016,P00058,8,8,0,0.0
SC00001101,2025-12-31,INV00012270,S025,P00270,3,3,0,0.0
SC00001102,2025-12-31,INV00000423,S001,P00423,11,11,0,0.0
SC00001103,2025-12-31,INV00002404,S005,P00404,6,6,0,0.0
SC00001104,2025-12-31,INV00005856,S012,P00356,1,1,0,0.0
SC00001105,2025-12-31,INV00001213,S003,P00213,4,4,0,0.0
SC00001106,2025-12-31,INV00004051,S009,P00051,7,7,0,0.0
SC00001107,2025-12-31,INV00012994,S026,P00494,9,9,0,0.0
SC00001108,2025-12-31,INV00006670,S014,P00170,2,2,0,0.0
SC00001109,2025-12-31,INV00013373,S027,P00373,4,4,0,0.0
SC00001110,2025-12-31,INV00012342,S025,P00342,5,5,0,0.0
SC00001111,2025-12-31,INV00007276,S015,P00276,1,1,0,0.0
SC00001112,2025-12-31,INV00011967,S024,P00467,3,3,0,0.0
SC00001113,2025-12-31,INV00003426,S007,P00426,12,12,0,0.0
SC00001114,2025-12-31,INV00007653,S016,P00153,6,6,0,0.0
SC00001115,2025-12-31,INV00006250,S013,P00250,3,3,0,0.0
SC00001116,2025-12-31,INV00006162,S013,P00162,2,2,0,0.0
SC00001117,2025-12-31,INV00004145,S009,P00145,1,1,0,0.0
SC00001118,2025-12-31,INV00014611,S030,P00111,4,4,0,0.0
SC00001119,2025-12-31,INV00012132,S025,P00132,5,5,0,0.0
SC00001120,2025-12-31,INV00004760,S010,P00260,1,1,0,0.0
SC00001121,2025-12-31,INV00013959,S028,P00459,8,8,0,0.0
SC00001122,2025-12-31,INV00002215,S005,P00215,1,1,0,0.0
SC00001123,2025-12-31,INV00003550,S008,P00050,3,3,0,0.0
SC00001124,2025-12-31,INV00009314,S019,P00314,1,1,0,0.0
SC00001125,2025-12-31,INV00004091,S009,P00091,5,5,0,0.0
SC00001126,2025-12-31,INV00001117,S003,P00117,1,1,0,0.0
SC00001127,2025-12-31,INV00008681,S018,P00181,4,4,0,0.0
SC00001128,2025-12-31,INV00013614,S028,P00114,10,10,0,0.0
SC00001129,2025-12-31,INV00000374,S001,P00374,1,1,0,0.0
SC00001130,2025-12-31,INV00006008,S013,P00008,13,13,0,0.0
SC00001131,2025-12-31,INV00011517,S024,P00017,2,2,0,0.0
SC00001132,2025-12-31,INV00000266,S001,P00266,2,2,0,0.0
SC00001133,2025-12-31,INV00002377,S005,P00377,6,6,0,0.0
SC00001134,2025-12-31,INV00013877,S028,P00377,1,1,0,0.0
SC00001135,2025-12-31,INV00010366,S021,P00366,3,3,0,0.0
SC00001136,2025-12-31,INV00009172,S019,P00172,3,3,0,0.0
SC00001137,2025-12-31,INV00004372,S009,P00372,2,2,0,0.0
SC00001138,2025-12-31,INV00002483,S005,P00483,4,4,0,0.0
SC00001139,2025-12-31,INV00001150,S003,P00150,3,3,0,0.0
SC00001140,2025-12-31,INV00013360,S027,P00360,2,2,0,0.0
SC00001141,2025-12-31,INV00007226,S015,P00226,6,6,0,0.0
SC00001142,2025-12-31,INV00001395,S003,P00395,26,25,-1,-0.0385
SC00001143,2025-12-31,INV00013120,S027,P00120,4,4,0,0.0
SC00001144,2025-12-31,INV00012162,S025,P00162,4,4,0,0.0
SC00001145,2025-12-31,INV00003895,S008,P00395,4,4,0,0.0
SC00001146,2025-12-31,INV00000379,S001,P00379,12,12,0,0.0
SC00001147,2025-12-31,INV00006215,S013,P00215,1,1,0,0.0
SC00001148,2025-12-31,INV00002380,S005,P00380,1,1,0,0.0
SC00001149,2025-12-31,INV00010026,S021,P00026,4,4,0,0.0
SC00001150,2025-12-31,INV00013804,S028,P00304,1,1,0,0.0
SC00001151,2025-12-31,INV00000072,S001,P00072,3,3,0,0.0
SC00001152,2025-12-31,INV00012359,S025,P00359,3,3,0,0.0
SC00001153,2025-12-31,INV00005505,S012,P00005,8,8,0,0.0
SC00001154,2025-12-31,INV00010738,S022,P00238,11,11,0,0.0
SC00001155,2025-12-31,INV00002935,S006,P00435,8,8,0,0.0
SC00001156,2025-12-31,INV00003629,S008,P00129,4,4,0,0.0
SC00001157,2025-12-31,INV00009843,S020,P00343,3,3,0,0.0
SC00001158,2025-12-31,INV00006337,S013,P00337,7,7,0,0.0
SC00001159,2025-12-31,INV00009989,S020,P00489,1,1,0,0.0
SC00001160,2025-12-31,INV00007664,S016,P00164,3,3,0,0.0
SC00001161,2025-12-31,INV00000464,S001,P00464,9,9,0,0.0
SC00001162,2025-12-31,INV00010357,S021,P00357,10,10,0,0.0
SC00001163,2025-12-31,INV00000495,S001,P00495,6,6,0,0.0
SC00001164,2025-12-31,INV00001446,S003,P00446,1,1,0,0.0
SC00001165,2025-12-31,INV00010627,S022,P00127,3,3,0,0.0
SC00001166,2025-12-31,INV00007455,S015,P00455,3,3,0,0.0
SC00001167,2025-12-31,INV00012719,S026,P00219,1,1,0,0.0
SC00001168,2025-12-31,INV00003687,S008,P00187,15,15,0,0.0
SC00001169,2025-12-31,INV00004364,S009,P00364,6,6,0,0.0
SC00001170,2025-12-31,INV00013761,S028,P00261,5,5,0,0.0
SC00001171,2025-12-31,INV00013715,S028,P00215,2,2,0,0.0
SC00001172,2025-12-31,INV00013520,S028,P00020,4,4,0,0.0
SC00001173,2025-12-31,INV00000116,S001,P00116,5,5,0,0.0
SC00001174,2025-12-31,INV00008530,S018,P00030,1,1,0,0.0
SC00001175,2025-12-31,INV00010193,S021,P00193,3,3,0,0.0
SC00001176,2025-12-31,INV00014755,S030,P00255,24,23,-1,-0.0417
SC00001177,2025-12-31,INV00010423,S021,P00423,16,16,0,0.0
SC00001178,2025-12-31,INV00007969,S016,P00469,2,2,0,0.0
SC00001179,2025-12-31,INV00014369,S029,P00369,2,2,0,0.0
SC00001180,2025-12-31,INV00011009,S023,P00009,8,8,0,0.0
SC00001181,2025-12-31,INV00009115,S019,P00115,2,2,0,0.0
SC00001182,2025-12-31,INV00004167,S009,P00167,8,8,0,0.0
SC00001183,2025-12-31,INV00008272,S017,P00272,5,5,0,0.0
SC00001184,2025-12-31,INV00012567,S026,P00067,8,8,0,0.0
SC00001185,2025-12-31,INV00002532,S006,P00032,1,1,0,0.0
SC00001186,2025-12-31,INV00010677,S022,P00177,3,3,0,0.0
SC00001187,2025-12-31,INV00012478,S025,P00478,3,3,0,0.0
SC00001188,2025-12-31,INV00009039,S019,P00039,3,3,0,0.0
SC00001189,2025-12-31,INV00010798,S022,P00298,7,7,0,0.0
SC00001190,2025-12-31,INV00011516,S024,P00016,3,3,0,0.0
SC00001191,2025-12-31,INV00005808,S012,P00308,5,5,0,0.0
SC00001192,2025-12-31,INV00007836,S016,P00336,2,2,0,0.0
SC00001193,2025-12-31,INV00002091,S005,P00091,5,5,0,0.0
SC00001194,2025-12-31,INV00010968,S022,P00468,5,5,0,0.0
SC00001195,2025-12-31,INV00006926,S014,P00426,2,2,0,0.0
SC00001196,2025-12-31,INV00011322,S023,P00322,12,12,0,0.0
SC00001197,2025-12-31,INV00010391,S021,P00391,6,6,0,0.0
SC00001198,2025-12-31,INV00004631,S010,P00131,7,7,0,0.0
SC00001199,2025-12-31,INV00007362,S015,P00362,6,6,0,0.0
SC00001200,2025-12-31,INV00005771,S012,P00271,3,3,0,0.0
SC00001201,2025-12-31,INV00008663,S018,P00163,1,1,0,0.0
SC00001202,2025-12-31,INV00014052,S029,P00052,7,7,0,0.0
SC00001203,2025-12-31,INV00008847,S018,P00347,6,6,0,0.0
SC00001204,2025-12-31,INV00003280,S007,P00280,3,3,0,0.0
SC00001205,2025-12-31,INV00001818,S004,P00318,4,4,0,0.0
SC00001206,2025-12-31,INV00012823,S026,P00323,3,3,0,0.0
SC00001207,2025-12-31,INV00012553,S026,P00053,3,3,0,0.0
SC00001208,2025-12-31,INV00014749,S030,P00249,1,1,0,0.0
SC00001209,2025-12-31,INV00013527,S028,P00027,2,2,0,0.0
SC00001210,2025-12-31,INV00003228,S007,P00228,2,2,0,0.0
SC00001211,2025-12-31,INV00011197,S023,P00197,1,1,0,0.0
SC00001212,2025-12-31,INV00007072,S015,P00072,4,4,0,0.0
SC00001213,2025-12-31,INV00005042,S011,P00042,9,9,0,0.0
SC00001214,2025-12-31,INV00011543,S024,P00043,4,4,0,0.0
SC00001215,2025-12-31,INV00004456,S009,P00456,18,18,0,0.0
SC00001216,2025-12-31,INV00011777,S024,P00277,1,1,0,0.0
SC00001217,2025-12-31,INV00002760,S006,P00260,7,7,0,0.0
SC00001218,2025-12-31,INV00002882,S006,P00382,5,5,0,0.0
SC00001219,2025-12-31,INV00010872,S022,P00372,1,1,0,0.0
SC00001220,2025-12-31,INV00009955,S020,P00455,5,5,0,0.0
SC00001221,2025-12-31,INV00006121,S013,P00121,10,10,0,0.0
SC00001222,2025-12-31,INV00011025,S023,P00025,4,4,0,0.0
SC00001223,2025-12-31,INV00001784,S004,P00284,1,1,0,0.0
SC00001224,2025-12-31,INV00006796,S014,P00296,1,1,0,0.0
SC00001225,2025-12-31,INV00009291,S019,P00291,6,6,0,0.0
SC00001226,2025-12-31,INV00001433,S003,P00433,5,5,0,0.0
SC00001227,2025-12-31,INV00000521,S002,P00021,3,3,0,0.0
SC00001228,2025-12-31,INV00000081,S001,P00081,8,8,0,0.0
SC00001229,2025-12-31,INV00008511,S018,P00011,6,6,0,0.0
SC00001230,2025-12-31,INV00009359,S019,P00359,1,1,0,0.0
SC00001231,2025-12-31,INV00005944,S012,P00444,4,4,0,0.0
SC00001232,2025-12-31,INV00013485,S027,P00485,6,6,0,0.0
SC00001233,2025-12-31,INV00009894,S020,P00394,5,5,0,0.0
SC00001234,2025-12-31,INV00003350,S007,P00350,3,3,0,0.0
SC00001235,2025-12-31,INV00004842,S010,P00342,2,2,0,0.0
SC00001236,2025-12-31,INV00005473,S011,P00473,4,4,0,0.0
SC00001237,2025-12-31,INV00005445,S011,P00445,1,1,0,0.0
SC00001238,2025-12-31,INV00007125,S015,P00125,5,5,0,0.0
SC00001239,2025-12-31,INV00003770,S008,P00270,5,5,0,0.0
SC00001240,2025-12-31,INV00008521,S018,P00021,4,4,0,0.0
SC00001241,2025-12-31,INV00009884,S020,P00384,6,6,0,0.0
SC00001242,2025-12-31,INV00005463,S011,P00463,4,4,0,0.0
SC00001243,2025-12-31,INV00014169,S029,P00169,8,8,0,0.0
SC00001244,2025-12-31,INV00011303,S023,P00303,5,5,0,0.0
SC00001245,2025-12-31,INV00008777,S018,P00277,3,3,0,0.0
SC00001246,2025-12-31,INV00002500,S005,P00500,4,4,0,0.0
SC00001247,2025-12-31,INV00010857,S022,P00357,2,2,0,0.0
SC00001248,2025-12-31,INV00008532,S018,P00032,1,1,0,0.0
SC00001249,2025-12-31,INV00011961,S024,P00461,5,5,0,0.0
SC00001250,2025-12-31,INV00006427,S013,P00427,4,4,0,0.0
SC00001251,2025-12-31,INV00006794,S014,P00294,11,11,0,0.0
SC00001252,2025-12-31,INV00012803,S026,P00303,5,5,0,0.0
SC00001253,2025-12-31,INV00001248,S003,P00248,3,3,0,0.0
SC00001254,2025-12-31,INV00011367,S023,P00367,1,1,0,0.0
SC00001255,2025-12-31,INV00008706,S018,P00206,12,12,0,0.0
SC00001256,2025-12-31,INV00003584,S008,P00084,1,1,0,0.0
SC00001257,2025-12-31,INV00004313,S009,P00313,7,7,0,0.0
SC00001258,2025-12-31,INV00002266,S005,P00266,9,9,0,0.0
SC00001259,2025-12-31,INV00005830,S012,P00330,2,2,0,0.0
SC00001260,2025-12-31,INV00013984,S028,P00484,7,7,0,0.0
SC00001261,2025-12-31,INV00004946,S010,P00446,8,8,0,0.0
SC00001262,2025-12-31,INV00008343,S017,P00343,7,7,0,0.0
SC00001263,2025-12-31,INV00004022,S009,P00022,20,20,0,0.0
SC00001264,2025-12-31,INV00003916,S008,P00416,8,8,0,0.0
SC00001265,2025-12-31,INV00005737,S012,P00237,3,3,0,0.0
SC00001266,2025-12-31,INV00013474,S027,P00474,3,3,0,0.0
SC00001267,2025-12-31,INV00004365,S009,P00365,6,6,0,0.0
SC00001268,2025-12-31,INV00012734,S026,P00234,9,9,0,0.0
SC00001269,2025-12-31,INV00014107,S029,P00107,4,4,0,0.0
SC00001270,2025-12-31,INV00004244,S009,P00244,4,4,0,0.0
SC00001271,2025-12-31,INV00000748,S002,P00248,3,3,0,0.0
SC00001272,2025-12-31,INV00011210,S023,P00210,10,10,0,0.0
SC00001273,2025-12-31,INV00012564,S026,P00064,3,3,0,0.0
SC00001274,2025-12-31,INV00004820,S010,P00320,5,5,0,0.0
SC00001275,2025-12-31,INV00006265,S013,P00265,1,1,0,0.0
SC00001276,2025-12-31,INV00000994,S002,P00494,7,7,0,0.0
SC00001277,2025-12-31,INV00013392,S027,P00392,5,5,0,0.0
SC00001278,2025-12-31,INV00007509,S016,P00009,4,4,0,0.0
SC00001279,2025-12-31,INV00001894,S004,P00394,11,11,0,0.0
SC00001280,2025-12-31,INV00013283,S027,P00283,8,8,0,0.0
SC00001281,2025-12-31,INV00014632,S030,P00132,23,23,0,0.0
SC00001282,2025-12-31,INV00010990,S022,P00490,10,10,0,0.0
SC00001283,2025-12-31,INV00008678,S018,P00178,7,7,0,0.0
SC00001284,2025-12-31,INV00013001,S027,P00001,2,2,0,0.0
SC00001285,2025-12-31,INV00013522,S028,P00022,3,3,0,0.0
SC00001286,2025-12-31,INV00001302,S003,P00302,3,3,0,0.0
SC00001287,2025-12-31,INV00009999,S020,P00499,5,5,0,0.0
SC00001288,2025-12-31,INV00006575,S014,P00075,1,1,0,0.0
SC00001289,2025-12-31,INV00012005,S025,P00005,7,7,0,0.0
SC00001290,2025-12-31,INV00009208,S019,P00208,2,2,0,0.0
SC00001291,2025-12-31,INV00007740,S016,P00240,1,1,0,0.0
SC00001292,2025-12-31,INV00005366,S011,P00366,2,2,0,0.0
SC00001293,2025-12-31,INV00010316,S021,P00316,2,2,0,0.0
SC00001294,2025-12-31,INV00012510,S026,P00010,1,1,0,0.0
SC00001295,2025-12-31,INV00005003,S011,P00003,2,2,0,0.0
SC00001296,2025-12-31,INV00013508,S028,P00008,7,7,0,0.0
SC00001297,2025-12-31,INV00005710,S012,P00210,5,5,0,0.0
SC00001298,2025-12-31,INV00014011,S029,P00011,7,7,0,0.0
SC00001299,2025-12-31,INV00010710,S022,P00210,1,1,0,0.0
SC00001300,2025-12-31,INV00013345,S027,P00345,3,3,0,0.0
SC00001301,2025-12-31,INV00011180,S023,P00180,4,4,0,0.0
SC00001302,2025-12-31,INV00011324,S023,P00324,14,14,0,0.0
SC00001303,2025-12-31,INV00009280,S019,P00280,8,8,0,0.0
SC00001304,2025-12-31,INV00006930,S014,P00430,3,3,0,0.0
SC00001305,2025-12-31,INV00002814,S006,P00314,7,7,0,0.0
SC00001306,2025-12-31,INV00007211,S015,P00211,4,4,0,0.0
SC00001307,2025-12-31,INV00013026,S027,P00026,2,2,0,0.0
SC00001308,2025-12-31,INV00005178,S011,P00178,2,2,0,0.0
SC00001309,2025-12-31,INV00009386,S019,P00386,9,9,0,0.0
SC00001310,2025-12-31,INV00003255,S007,P00255,9,9,0,0.0
SC00001311,2025-12-31,INV00012709,S026,P00209,8,8,0,0.0
SC00001312,2025-12-31,INV00002520,S006,P00020,7,7,0,0.0
SC00001313,2025-12-31,INV00001049,S003,P00049,3,3,0,0.0
SC00001314,2025-12-31,INV00013413,S027,P00413,4,4,0,0.0
SC00001315,2025-12-31,INV00008252,S017,P00252,3,3,0,0.0
SC00001316,2025-12-31,INV00007890,S016,P00390,2,2,0,0.0
SC00001317,2025-12-31,INV00012554,S026,P00054,2,2,0,0.0
SC00001318,2025-12-31,INV00008770,S018,P00270,8,8,0,0.0
SC00001319,2025-12-31,INV00004768,S010,P00268,1,1,0,0.0
SC00001320,2025-12-31,INV00000286,S001,P00286,1,1,0,0.0
SC00001321,2025-12-31,INV00007295,S015,P00295,8,8,0,0.0
SC00001322,2025-12-31,INV00006802,S014,P00302,1,1,0,0.0
SC00001323,2025-12-31,INV00000509,S002,P00009,6,6,0,0.0
SC00001324,2025-12-31,INV00002406,S005,P00406,7,7,0,0.0
SC00001325,2025-12-31,INV00014979,S030,P00479,6,6,0,0.0
SC00001326,2025-12-31,INV00004443,S009,P00443,2,2,0,0.0
SC00001327,2025-12-31,INV00000957,S002,P00457,3,3,0,0.0
SC00001328,2025-12-31,INV00005216,S011,P00216,6,6,0,0.0
SC00001329,2025-12-31,INV00007701,S016,P00201,10,10,0,0.0
SC00001330,2025-12-31,INV00014912,S030,P00412,12,12,0,0.0
SC00001331,2025-12-31,INV00009749,S020,P00249,4,4,0,0.0
SC00001332,2025-12-31,INV00004935,S010,P00435,1,1,0,0.0
SC00001333,2025-12-31,INV00002869,S006,P00369,10,10,0,0.0
SC00001334,2025-12-31,INV00014683,S030,P00183,7,7,0,0.0
SC00001335,2025-12-31,INV00013815,S028,P00315,7,7,0,0.0
SC00001336,2025-12-31,INV00004638,S010,P00138,14,14,0,0.0
SC00001337,2025-12-31,INV00009712,S020,P00212,17,17,0,0.0
SC00001338,2025-12-31,INV00007099,S015,P00099,7,7,0,0.0
SC00001339,2025-12-31,INV00006208,S013,P00208,3,3,0,0.0
SC00001340,2025-12-31,INV00008284,S017,P00284,1,1,0,0.0
SC00001341,2025-12-31,INV00011901,S024,P00401,21,20,-1,-0.0476
SC00001342,2025-12-31,INV00010971,S022,P00471,3,3,0,0.0
SC00001343,2025-12-31,INV00004882,S010,P00382,5,5,0,0.0
SC00001344,2025-12-31,INV00002461,S005,P00461,3,3,0,0.0
SC00001345,2025-12-31,INV00007702,S016,P00202,4,4,0,0.0
SC00001346,2025-12-31,INV00001698,S004,P00198,2,2,0,0.0
SC00001347,2025-12-31,INV00010468,S021,P00468,2,2,0,0.0
SC00001348,2025-12-31,INV00006290,S013,P00290,6,6,0,0.0
SC00001349,2025-12-31,INV00005070,S011,P00070,4,4,0,0.0
SC00001350,2025-12-31,INV00000125,S001,P00125,3,3,0,0.0
SC00001351,2025-12-31,INV00005280,S011,P00280,11,11,0,0.0
SC00001352,2025-12-31,INV00012444,S025,P00444,3,3,0,0.0
SC00001353,2025-12-31,INV00011431,S023,P00431,2,2,0,0.0
SC00001354,2025-12-31,INV00008937,S018,P00437,1,1,0,0.0
SC00001355,2025-12-31,INV00006412,S013,P00412,1,1,0,0.0
SC00001356,2025-12-31,INV00005226,S011,P00226,9,9,0,0.0
SC00001357,2025-12-31,INV00006972,S014,P00472,3,3,0,0.0
SC00001358,2025-12-31,INV00014092,S029,P00092,1,1,0,0.0
SC00001359,2025-12-31,INV00012065,S025,P00065,19,19,0,0.0
SC00001360,2025-12-31,INV00003697,S008,P00197,3,3,0,0.0
SC00001361,2025-12-31,INV00000979,S002,P00479,2,2,0,0.0
SC00001362,2025-12-31,INV00005716,S012,P00216,4,4,0,0.0
SC00001363,2025-12-31,INV00007331,S015,P00331,9,9,0,0.0
SC00001364,2025-12-31,INV00008933,S018,P00433,1,1,0,0.0
SC00001365,2025-12-31,INV00002261,S005,P00261,3,3,0,0.0
SC00001366,2025-12-31,INV00014332,S029,P00332,1,1,0,0.0
SC00001367,2025-12-31,INV00005729,S012,P00229,3,3,0,0.0
SC00001368,2025-12-31,INV00003929,S008,P00429,1,1,0,0.0
SC00001369,2025-12-31,INV00013109,S027,P00109,6,6,0,0.0
SC00001370,2025-12-31,INV00006090,S013,P00090,7,7,0,0.0
SC00001371,2025-12-31,INV00011650,S024,P00150,1,1,0,0.0
SC00001372,2025-12-31,INV00005960,S012,P00460,2,2,0,0.0
SC00001373,2025-12-31,INV00013411,S027,P00411,6,6,0,0.0
SC00001374,2025-12-31,INV00005616,S012,P00116,7,7,0,0.0
SC00001375,2025-12-31,INV00005128,S011,P00128,8,8,0,0.0
SC00001376,2025-12-31,INV00013157,S027,P00157,6,6,0,0.0
SC00001377,2025-12-31,INV00004159,S009,P00159,4,4,0,0.0
SC00001378,2025-12-31,INV00010568,S022,P00068,7,7,0,0.0
SC00001379,2025-12-31,INV00014229,S029,P00229,5,5,0,0.0
SC00001380,2025-12-31,INV00012873,S026,P00373,4,4,0,0.0
SC00001381,2025-12-31,INV00002429,S005,P00429,1,1,0,0.0
SC00001382,2025-12-31,INV00004450,S009,P00450,2,2,0,0.0
SC00001383,2025-12-31,INV00011664,S024,P00164,3,3,0,0.0
SC00001384,2025-12-31,INV00010709,S022,P00209,2,2,0,0.0
SC00001385,2025-12-31,INV00004480,S009,P00480,11,11,0,0.0
SC00001386,2025-12-31,INV00004221,S009,P00221,11,11,0,0.0
SC00001387,2025-12-31,INV00008612,S018,P00112,13,13,0,0.0
SC00001388,2025-12-31,INV00000971,S002,P00471,3,3,0,0.0
SC00001389,2025-12-31,INV00014286,S029,P00286,4,4,0,0.0
SC00001390,2025-12-31,INV00006472,S013,P00472,5,5,0,0.0
SC00001391,2025-12-31,INV00014251,S029,P00251,1,1,0,0.0
SC00001392,2025-12-31,INV00012379,S025,P00379,15,15,0,0.0
SC00001393,2025-12-31,INV00004781,S010,P00281,2,2,0,0.0
SC00001394,2025-12-31,INV00008855,S018,P00355,3,3,0,0.0
SC00001395,2025-12-31,INV00008142,S017,P00142,4,4,0,0.0
SC00001396,2025-12-31,INV00009806,S020,P00306,4,4,0,0.0
SC00001397,2025-12-31,INV00012004,S025,P00004,18,18,0,0.0
SC00001398,2025-12-31,INV00009355,S019,P00355,5,5,0,0.0
SC00001399,2025-12-31,INV00012293,S025,P00293,4,4,0,0.0
SC00001400,2025-12-31,INV00006690,S014,P00190,1,1,0,0.0
SC00001401,2025-12-31,INV00003600,S008,P00100,1,1,0,0.0
SC00001402,2025-12-31,INV00009560,S020,P00060,9,9,0,0.0
SC00001403,2025-12-31,INV00010498,S021,P00498,3,3,0,0.0
SC00001404,2025-12-31,INV00008554,S018,P00054,7,7,0,0.0
SC00001405,2025-12-31,INV00000510,S002,P00010,1,1,0,0.0
SC00001406,2025-12-31,INV00012220,S025,P00220,4,4,0,0.0
SC00001407,2025-12-31,INV00008214,S017,P00214,3,3,0,0.0
SC00001408,2025-12-31,INV00007076,S015,P00076,8,8,0,0.0
SC00001409,2025-12-31,INV00001149,S003,P00149,2,2,0,0.0
SC00001410,2025-12-31,INV00008673,S018,P00173,2,2,0,0.0
SC00001411,2025-12-31,INV00010577,S022,P00077,5,5,0,0.0
SC00001412,2025-12-31,INV00007149,S015,P00149,5,5,0,0.0
SC00001413,2025-12-31,INV00002001,S005,P00001,3,3,0,0.0
SC00001414,2025-12-31,INV00013699,S028,P00199,2,2,0,0.0
SC00001415,2025-12-31,INV00008430,S017,P00430,1,1,0,0.0
SC00001416,2025-12-31,INV00007087,S015,P00087,1,1,0,0.0
SC00001417,2025-12-31,INV00002114,S005,P00114,3,3,0,0.0
SC00001418,2025-12-31,INV00000561,S002,P00061,2,2,0,0.0
SC00001419,2025-12-31,INV00000434,S001,P00434,3,3,0,0.0
SC00001420,2025-12-31,INV00007489,S015,P00489,2,2,0,0.0
SC00001421,2025-12-31,INV00000409,S001,P00409,1,1,0,0.0
SC00001422,2025-12-31,INV00014457,S029,P00457,3,3,0,0.0
SC00001423,2025-12-31,INV00009490,S019,P00490,3,3,0,0.0
SC00001424,2025-12-31,INV00004059,S009,P00059,3,3,0,0.0
SC00001425,2025-12-31,INV00005984,S012,P00484,3,3,0,0.0
SC00001426,2025-12-31,INV00013934,S028,P00434,4,4,0,0.0
SC00001427,2025-12-31,INV00004084,S009,P00084,4,4,0,0.0
SC00001428,2025-12-31,INV00012911,S026,P00411,2,2,0,0.0
SC00001429,2025-12-31,INV00001840,S004,P00340,3,3,0,0.0
SC00001430,2025-12-31,INV00012209,S025,P00209,2,2,0,0.0
SC00001431,2025-12-31,INV00005071,S011,P00071,18,18,0,0.0
SC00001432,2025-12-31,INV00005668,S012,P00168,2,2,0,0.0
SC00001433,2025-12-31,INV00000079,S001,P00079,8,8,0,0.0
SC00001434,2025-12-31,INV00008626,S018,P00126,2,2,0,0.0
SC00001435,2025-12-31,INV00004075,S009,P00075,3,3,0,0.0
SC00001436,2025-12-31,INV00010671,S022,P00171,8,8,0,0.0
SC00001437,2025-12-31,INV00008914,S018,P00414,1,1,0,0.0
SC00001438,2025-12-31,INV00001228,S003,P00228,1,1,0,0.0
SC00001439,2025-12-31,INV00005594,S012,P00094,4,4,0,0.0
SC00001440,2025-12-31,INV00004431,S009,P00431,3,3,0,0.0
SC00001441,2025-12-31,INV00006138,S013,P00138,4,4,0,0.0
SC00001442,2025-12-31,INV00014735,S030,P00235,3,3,0,0.0
SC00001443,2025-12-31,INV00005689,S012,P00189,3,3,0,0.0
SC00001444,2025-12-31,INV00012975,S026,P00475,2,2,0,0.0
SC00001445,2025-12-31,INV00009155,S019,P00155,1,1,0,0.0
SC00001446,2025-12-31,INV00011130,S023,P00130,2,2,0,0.0
SC00001447,2025-12-31,INV00001024,S003,P00024,3,3,0,0.0
SC00001448,2025-12-31,INV00004712,S010,P00212,2,2,0,0.0
SC00001449,2025-12-31,INV00008841,S018,P00341,12,12,0,0.0
SC00001450,2025-12-31,INV00000381,S001,P00381,3,3,0,0.0
SC00001451,2025-12-31,INV00013767,S028,P00267,3,3,0,0.0
SC00001452,2025-12-31,INV00004270,S009,P00270,9,9,0,0.0
SC00001453,2025-12-31,INV00008180,S017,P00180,1,1,0,0.0
SC00001454,2025-12-31,INV00009972,S020,P00472,2,2,0,0.0
SC00001455,2025-12-31,INV00001887,S004,P00387,4,4,0,0.0
SC00001456,2025-12-31,INV00011287,S023,P00287,12,12,0,0.0
SC00001457,2025-12-31,INV00006126,S013,P00126,2,2,0,0.0
SC00001458,2025-12-31,INV00005338,S011,P00338,1,1,0,0.0
SC00001459,2025-12-31,INV00013960,S028,P00460,1,1,0,0.0
SC00001460,2025-12-31,INV00014918,S030,P00418,4,4,0,0.0
SC00001461,2025-12-31,INV00007062,S015,P00062,5,5,0,0.0
SC00001462,2025-12-31,INV00011659,S024,P00159,5,5,0,0.0
SC00001463,2025-12-31,INV00007789,S016,P00289,4,4,0,0.0
SC00001464,2025-12-31,INV00002806,S006,P00306,13,13,0,0.0
SC00001465,2025-12-31,INV00000722,S002,P00222,9,9,0,0.0
SC00001466,2025-12-31,INV00004187,S009,P00187,11,11,0,0.0
SC00001467,2025-12-31,INV00004407,S009,P00407,5,5,0,0.0
SC00001468,2025-12-31,INV00010338,S021,P00338,4,4,0,0.0
SC00001469,2025-12-31,INV00008541,S018,P00041,3,3,0,0.0
SC00001470,2025-12-31,INV00005646,S012,P00146,3,3,0,0.0
SC00001471,2025-12-31,INV00004002,S009,P00002,1,1,0,0.0
SC00001472,2025-12-31,INV00003276,S007,P00276,6,6,0,0.0
SC00001473,2025-12-31,INV00003057,S007,P00057,1,1,0,0.0
SC00001474,2025-12-31,INV00012019,S025,P00019,4,4,0,0.0
SC00001475,2025-12-31,INV00011713,S024,P00213,10,10,0,0.0
SC00001476,2025-12-31,INV00004698,S010,P00198,1,1,0,0.0
SC00001477,2025-12-31,INV00006727,S014,P00227,1,1,0,0.0
SC00001478,2025-12-31,INV00013362,S027,P00362,10,10,0,0.0
SC00001479,2025-12-31,INV00004266,S009,P00266,7,7,0,0.0
SC00001480,2025-12-31,INV00003247,S007,P00247,4,4,0,0.0
SC00001481,2025-12-31,INV00006457,S013,P00457,7,7,0,0.0
SC00001482,2025-12-31,INV00012756,S026,P00256,1,1,0,0.0
SC00001483,2025-12-31,INV00011131,S023,P00131,2,2,0,0.0
SC00001484,2025-12-31,INV00002970,S006,P00470,4,4,0,0.0
SC00001485,2025-12-31,INV00014890,S030,P00390,1,1,0,0.0
SC00001486,2025-12-31,INV00014777,S030,P00277,4,4,0,0.0
SC00001487,2025-12-31,INV00003692,S008,P00192,7,7,0,0.0
SC00001488,2025-12-31,INV00008276,S017,P00276,9,9,0,0.0
SC00001489,2025-12-31,INV00005302,S011,P00302,5,5,0,0.0
SC00001490,2025-12-31,INV00013676,S028,P00176,8,8,0,0.0
SC00001491,2025-12-31,INV00013757,S028,P00257,2,2,0,0.0
SC00001492,2025-12-31,INV00009875,S020,P00375,2,2,0,0.0
SC00001493,2025-12-31,INV00010247,S021,P00247,6,6,0,0.0
SC00001494,2025-12-31,INV00000970,S002,P00470,8,8,0,0.0
SC00001495,2025-12-31,INV00012274,S025,P00274,4,4,0,0.0
SC00001496,2025-12-31,INV00008940,S018,P00440,2,2,0,0.0
SC00001497,2025-12-31,INV00001105,S003,P00105,1,1,0,0.0
SC00001498,2025-12-31,INV00002510,S006,P00010,2,2,0,0.0
SC00001499,2025-12-31,INV00011677,S024,P00177,2,2,0,0.0
SC00001500,2025-12-31,INV00005163,S011,P00163,1,1,0,0.0
SC00001501,2025-12-31,INV00002485,S005,P00485,8,8,0,0.0
SC00001502,2025-12-31,INV00008592,S018,P00092,17,17,0,0.0
SC00001503,2025-12-31,INV00001081,S003,P00081,10,10,0,0.0
SC00001504,2025-12-31,INV00004037,S009,P00037,10,10,0,0.0
SC00001505,2025-12-31,INV00002478,S005,P00478,6,6,0,0.0
SC00001506,2025-12-31,INV00005526,S012,P00026,1,1,0,0.0
SC00001507,2025-12-31,INV00003884,S008,P00384,4,4,0,0.0
SC00001508,2025-12-31,INV00012227,S025,P00227,3,3,0,0.0
SC00001509,2025-12-31,INV00010563,S022,P00063,4,4,0,0.0
SC00001510,2025-12-31,INV00009792,S020,P00292,2,2,0,0.0
SC00001511,2025-12-31,INV00007405,S015,P00405,2,2,0,0.0
SC00001512,2025-12-31,INV00002072,S005,P00072,12,12,0,0.0
SC00001513,2025-12-31,INV00012440,S025,P00440,7,7,0,0.0
SC00001514,2025-12-31,INV00006330,S013,P00330,2,2,0,0.0
SC00001515,2025-12-31,INV00010044,S021,P00044,4,4,0,0.0
SC00001516,2025-12-31,INV00009670,S020,P00170,4,4,0,0.0
SC00001517,2025-12-31,INV00000564,S002,P00064,2,2,0,0.0
SC00001518,2025-12-31,INV00007729,S016,P00229,4,4,0,0.0
SC00001519,2025-12-31,INV00005189,S011,P00189,1,1,0,0.0
SC00001520,2025-12-31,INV00007690,S016,P00190,1,1,0,0.0
SC00001521,2025-12-31,INV00009452,S019,P00452,2,2,0,0.0
SC00001522,2025-12-31,INV00011626,S024,P00126,1,1,0,0.0
SC00001523,2025-12-31,INV00005575,S012,P00075,9,9,0,0.0
SC00001524,2025-12-31,INV00003028,S007,P00028,2,2,0,0.0
SC00001525,2025-12-31,INV00001562,S004,P00062,3,3,0,0.0
SC00001526,2025-12-31,INV00004307,S009,P00307,3,3,0,0.0
SC00001527,2025-12-31,INV00001834,S004,P00334,5,5,0,0.0
SC00001528,2025-12-31,INV00004008,S009,P00008,1,1,0,0.0
SC00001529,2025-12-31,INV00013024,S027,P00024,10,10,0,0.0
SC00001530,2025-12-31,INV00014315,S029,P00315,3,3,0,0.0
SC00001531,2025-12-31,INV00006665,S014,P00165,6,6,0,0.0
SC00001532,2025-12-31,INV00005428,S011,P00428,9,9,0,0.0
SC00001533,2025-12-31,INV00003078,S007,P00078,11,11,0,0.0
SC00001534,2025-12-31,INV00007645,S016,P00145,3,3,0,0.0
SC00001535,2025-12-31,INV00001817,S004,P00317,21,22,1,0.0476
SC00001536,2025-12-31,INV00012303,S025,P00303,6,6,0,0.0
SC00001537,2025-12-31,INV00014510,S030,P00010,10,10,0,0.0
SC00001538,2025-12-31,INV00012283,S025,P00283,1,1,0,0.0
SC00001539,2025-12-31,INV00001151,S003,P00151,3,3,0,0.0
SC00001540,2025-12-31,INV00001157,S003,P00157,1,1,0,0.0
SC00001541,2025-12-31,INV00003345,S007,P00345,5,5,0,0.0
SC00001542,2025-12-31,INV00006052,S013,P00052,1,1,0,0.0
SC00001543,2025-12-31,INV00009273,S019,P00273,10,10,0,0.0
SC00001544,2025-12-31,INV00010277,S021,P00277,8,8,0,0.0
SC00001545,2025-12-31,INV00010730,S022,P00230,2,2,0,0.0
SC00001546,2025-12-31,INV00007990,S016,P00490,4,4,0,0.0
SC00001547,2025-12-31,INV00007466,S015,P00466,6,6,0,0.0
SC00001548,2025-12-31,INV00009515,S020,P00015,6,6,0,0.0
SC00001549,2025-12-31,INV00003942,S008,P00442,1,1,0,0.0
SC00001550,2025-12-31,INV00001917,S004,P00417,10,10,0,0.0
SC00001551,2025-12-31,INV00014083,S029,P00083,10,10,0,0.0
SC00001552,2025-12-31,INV00004126,S009,P00126,1,1,0,0.0
SC00001553,2025-12-31,INV00006167,S013,P00167,2,2,0,0.0
SC00001554,2025-12-31,INV00004211,S009,P00211,1,1,0,0.0
SC00001555,2025-12-31,INV00003874,S008,P00374,4,4,0,0.0
SC00001556,2025-12-31,INV00006458,S013,P00458,3,3,0,0.0
SC00001557,2025-12-31,INV00004609,S010,P00109,2,2,0,0.0
SC00001558,2025-12-31,INV00004020,S009,P00020,7,7,0,0.0
SC00001559,2025-12-31,INV00000248,S001,P00248,5,5,0,0.0
SC00001560,2025-12-31,INV00000372,S001,P00372,2,2,0,0.0
SC00001561,2025-12-31,INV00011220,S023,P00220,7,7,0,0.0
SC00001562,2025-12-31,INV00009913,S020,P00413,7,7,0,0.0
SC00001563,2025-12-31,INV00004783,S010,P00283,2,2,0,0.0
SC00001564,2025-12-31,INV00012505,S026,P00005,1,1,0,0.0
SC00001565,2025-12-31,INV00005757,S012,P00257,2,2,0,0.0
SC00001566,2025-12-31,INV00012335,S025,P00335,3,3,0,0.0
SC00001567,2025-12-31,INV00011704,S024,P00204,12,12,0,0.0
SC00001568,2025-12-31,INV00011843,S024,P00343,2,2,0,0.0
SC00001569,2025-12-31,INV00005170,S011,P00170,1,1,0,0.0
SC00001570,2025-12-31,INV00014689,S030,P00189,4,4,0,0.0
SC00001571,2025-12-31,INV00003851,S008,P00351,11,11,0,0.0
SC00001572,2025-12-31,INV00013161,S027,P00161,3,3,0,0.0
SC00001573,2025-12-31,INV00007067,S015,P00067,3,3,0,0.0
SC00001574,2025-12-31,INV00001359,S003,P00359,2,2,0,0.0
SC00001575,2025-12-31,INV00011741,S024,P00241,2,2,0,0.0
SC00001576,2025-12-31,INV00004964,S010,P00464,2,2,0,0.0
SC00001577,2025-12-31,INV00004936,S010,P00436,1,1,0,0.0
SC00001578,2025-12-31,INV00005552,S012,P00052,4,4,0,0.0
SC00001579,2025-12-31,INV00004868,S010,P00368,4,4,0,0.0
SC00001580,2025-12-31,INV00009285,S019,P00285,8,8,0,0.0
SC00001581,2025-12-31,INV00007642,S016,P00142,2,2,0,0.0
SC00001582,2025-12-31,INV00011849,S024,P00349,1,1,0,0.0
SC00001583,2025-12-31,INV00000586,S002,P00086,2,2,0,0.0
SC00001584,2025-12-31,INV00006516,S014,P00016,4,4,0,0.0
SC00001585,2025-12-31,INV00006907,S014,P00407,4,4,0,0.0
SC00001586,2025-12-31,INV00008382,S017,P00382,2,2,0,0.0
SC00001587,2025-12-31,INV00010082,S021,P00082,11,11,0,0.0
SC00001588,2025-12-31,INV00008415,S017,P00415,4,4,0,0.0
SC00001589,2025-12-31,INV00001525,S004,P00025,3,3,0,0.0
SC00001590,2025-12-31,INV00003921,S008,P00421,2,2,0,0.0
SC00001591,2025-12-31,INV00001755,S004,P00255,3,3,0,0.0
SC00001592,2025-12-31,INV00010267,S021,P00267,12,12,0,0.0
SC00001593,2025-12-31,INV00011373,S023,P00373,2,2,0,0.0
SC00001594,2025-12-31,INV00008945,S018,P00445,6,6,0,0.0
SC00001595,2025-12-31,INV00004128,S009,P00128,9,9,0,0.0
SC00001596,2025-12-31,INV00009341,S019,P00341,1,1,0,0.0
SC00001597,2025-12-31,INV00006541,S014,P00041,3,3,0,0.0
SC00001598,2025-12-31,INV00004499,S009,P00499,6,6,0,0.0
SC00001599,2025-12-31,INV00014997,S030,P00497,3,3,0,0.0
SC00001600,2025-12-31,INV00004624,S010,P00124,10,10,0,0.0
SC00001601,2025-12-31,INV00000514,S002,P00014,9,9,0,0.0
SC00001602,2025-12-31,INV00009287,S019,P00287,8,8,0,0.0
SC00001603,2025-12-31,INV00000551,S002,P00051,2,2,0,0.0
SC00001604,2025-12-31,INV00008349,S017,P00349,7,7,0,0.0
SC00001605,2025-12-31,INV00001966,S004,P00466,6,6,0,0.0
SC00001606,2025-12-31,INV00003908,S008,P00408,2,2,0,0.0
SC00001607,2025-12-31,INV00000617,S002,P00117,9,9,0,0.0
SC00001608,2025-12-31,INV00012900,S026,P00400,2,2,0,0.0
SC00001609,2025-12-31,INV00004526,S010,P00026,19,19,0,0.0
SC00001610,2025-12-31,INV00008461,S017,P00461,4,4,0,0.0
SC00001611,2025-12-31,INV00008264,S017,P00264,3,3,0,0.0
SC00001612,2025-12-31,INV00003709,S008,P00209,2,2,0,0.0
SC00001613,2025-12-31,INV00004617,S010,P00117,11,11,0,0.0
SC00001614,2025-12-31,INV00010718,S022,P00218,3,3,0,0.0
SC00001615,2025-12-31,INV00004319,S009,P00319,5,5,0,0.0
SC00001616,2025-12-31,INV00001626,S004,P00126,1,1,0,0.0
SC00001617,2025-12-31,INV00012660,S026,P00160,8,8,0,0.0
SC00001618,2025-12-31,INV00009742,S020,P00242,4,4,0,0.0
SC00001619,2025-12-31,INV00006088,S013,P00088,3,3,0,0.0
SC00001620,2025-12-31,INV00000311,S001,P00311,5,5,0,0.0
SC00001621,2025-12-31,INV00011332,S023,P00332,3,3,0,0.0
SC00001622,2025-12-31,INV00007918,S016,P00418,27,26,-1,-0.037
SC00001623,2025-12-31,INV00009210,S019,P00210,10,10,0,0.0
SC00001624,2025-12-31,INV00012461,S025,P00461,4,4,0,0.0
SC00001625,2025-12-31,INV00007839,S016,P00339,4,4,0,0.0
SC00001626,2025-12-31,INV00003372,S007,P00372,7,7,0,0.0
SC00001627,2025-12-31,INV00010313,S021,P00313,1,1,0,0.0
SC00001628,2025-12-31,INV00001432,S003,P00432,8,8,0,0.0
SC00001629,2025-12-31,INV00002621,S006,P00121,3,3,0,0.0
SC00001630,2025-12-31,INV00000517,S002,P00017,5,5,0,0.0
SC00001631,2025-12-31,INV00010163,S021,P00163,6,6,0,0.0
SC00001632,2025-12-31,INV00011198,S023,P00198,6,6,0,0.0
SC00001633,2025-12-31,INV00006578,S014,P00078,4,4,0,0.0
SC00001634,2025-12-31,INV00011132,S023,P00132,9,9,0,0.0
SC00001635,2025-12-31,INV00012328,S025,P00328,1,1,0,0.0
SC00001636,2025-12-31,INV00002642,S006,P00142,3,3,0,0.0
SC00001637,2025-12-31,INV00003822,S008,P00322,4,4,0,0.0
SC00001638,2025-12-31,INV00009654,S020,P00154,3,3,0,0.0
SC00001639,2025-12-31,INV00002839,S006,P00339,1,1,0,0.0
SC00001640,2025-12-31,INV00000726,S002,P00226,2,2,0,0.0
SC00001641,2025-12-31,INV00010747,S022,P00247,4,4,0,0.0
SC00001642,2025-12-31,INV00007525,S016,P00025,4,4,0,0.0
SC00001643,2025-12-31,INV00014330,S029,P00330,3,3,0,0.0
SC00001644,2025-12-31,INV00007732,S016,P00232,9,9,0,0.0
SC00001645,2025-12-31,INV00002022,S005,P00022,2,2,0,0.0
SC00001646,2025-12-31,INV00014823,S030,P00323,4,4,0,0.0
SC00001647,2025-12-31,INV00001114,S003,P00114,1,1,0,0.0
SC00001648,2025-12-31,INV00009484,S019,P00484,6,6,0,0.0
SC00001649,2025-12-31,INV00001631,S004,P00131,1,1,0,0.0
SC00001650,2025-12-31,INV00005442,S011,P00442,23,24,1,0.0435
SC00001651,2025-12-31,INV00002131,S005,P00131,3,3,0,0.0
SC00001652,2025-12-31,INV00002365,S005,P00365,4,4,0,0.0
SC00001653,2025-12-31,INV00012895,S026,P00395,3,3,0,0.0
SC00001654,2025-12-31,INV00005316,S011,P00316,4,4,0,0.0
SC00001655,2025-12-31,INV00002125,S005,P00125,3,3,0,0.0
SC00001656,2025-12-31,INV00003981,S008,P00481,1,1,0,0.0
SC00001657,2025-12-31,INV00009477,S019,P00477,1,1,0,0.0
SC00001658,2025-12-31,INV00001880,S004,P00380,3,3,0,0.0
SC00001659,2025-12-31,INV00006780,S014,P00280,4,4,0,0.0
SC00001660,2025-12-31,INV00008974,S018,P00474,2,2,0,0.0
SC00001661,2025-12-31,INV00006135,S013,P00135,2,2,0,0.0
SC00001662,2025-12-31,INV00010243,S021,P00243,14,14,0,0.0
SC00001663,2025-12-31,INV00005187,S011,P00187,3,3,0,0.0
SC00001664,2025-12-31,INV00004658,S010,P00158,2,2,0,0.0
SC00001665,2025-12-31,INV00006251,S013,P00251,5,5,0,0.0
SC00001666,2025-12-31,INV00003414,S007,P00414,5,5,0,0.0
SC00001667,2025-12-31,INV00001426,S003,P00426,3,3,0,0.0
SC00001668,2025-12-31,INV00001212,S003,P00212,10,10,0,0.0
SC00001669,2025-12-31,INV00006284,S013,P00284,2,2,0,0.0
SC00001670,2025-12-31,INV00007022,S015,P00022,3,3,0,0.0
SC00001671,2025-12-31,INV00010701,S022,P00201,8,8,0,0.0
SC00001672,2025-12-31,INV00008851,S018,P00351,5,5,0,0.0
SC00001673,2025-12-31,INV00004001,S009,P00001,1,1,0,0.0
SC00001674,2025-12-31,INV00008098,S017,P00098,1,1,0,0.0
SC00001675,2025-12-31,INV00003685,S008,P00185,4,4,0,0.0
SC00001676,2025-12-31,INV00007438,S015,P00438,3,3,0,0.0
SC00001677,2025-12-31,INV00003124,S007,P00124,1,1,0,0.0
SC00001678,2025-12-31,INV00008760,S018,P00260,8,8,0,0.0
SC00001679,2025-12-31,INV00009028,S019,P00028,2,2,0,0.0
SC00001680,2025-12-31,INV00008749,S018,P00249,5,5,0,0.0
SC00001681,2025-12-31,INV00012818,S026,P00318,2,2,0,0.0
SC00001682,2025-12-31,INV00004982,S010,P00482,3,3,0,0.0
SC00001683,2025-12-31,INV00011513,S024,P00013,8,8,0,0.0
SC00001684,2025-12-31,INV00014252,S029,P00252,4,4,0,0.0
SC00001685,2025-12-31,INV00010405,S021,P00405,1,1,0,0.0
SC00001686,2025-12-31,INV00000461,S001,P00461,6,6,0,0.0
SC00001687,2025-12-31,INV00004271,S009,P00271,5,5,0,0.0
SC00001688,2025-12-31,INV00014597,S030,P00097,3,3,0,0.0
SC00001689,2025-12-31,INV00013860,S028,P00360,10,10,0,0.0
SC00001690,2025-12-31,INV00001093,S003,P00093,4,4,0,0.0
SC00001691,2025-12-31,INV00011462,S023,P00462,13,13,0,0.0
SC00001692,2025-12-31,INV00001788,S004,P00288,5,5,0,0.0
SC00001693,2025-12-31,INV00009709,S020,P00209,5,5,0,0.0
SC00001694,2025-12-31,INV00003272,S007,P00272,4,4,0,0.0
SC00001695,2025-12-31,INV00009451,S019,P00451,1,1,0,0.0
SC00001696,2025-12-31,INV00010520,S022,P00020,3,3,0,0.0
SC00001697,2025-12-31,INV00012982,S026,P00482,4,4,0,0.0
SC00001698,2025-12-31,INV00007402,S015,P00402,3,3,0,0.0
SC00001699,2025-12-31,INV00005766,S012,P00266,2,2,0,0.0
SC00001700,2025-12-31,INV00001720,S004,P00220,5,5,0,0.0
SC00001701,2025-12-31,INV00007184,S015,P00184,2,2,0,0.0
SC00001702,2025-12-31,INV00005130,S011,P00130,6,6,0,0.0
SC00001703,2025-12-31,INV00002368,S005,P00368,6,6,0,0.0
SC00001704,2025-12-31,INV00011383,S023,P00383,7,7,0,0.0
SC00001705,2025-12-31,INV00014579,S030,P00079,6,6,0,0.0
SC00001706,2025-12-31,INV00009695,S020,P00195,1,1,0,0.0
SC00001707,2025-12-31,INV00014160,S029,P00160,10,10,0,0.0
SC00001708,2025-12-31,INV00000161,S001,P00161,2,2,0,0.0
SC00001709,2025-12-31,INV00013321,S027,P00321,5,5,0,0.0
SC00001710,2025-12-31,INV00011696,S024,P00196,2,2,0,0.0
SC00001711,2025-12-31,INV00006259,S013,P00259,3,3,0,0.0
SC00001712,2025-12-31,INV00006096,S013,P00096,2,2,0,0.0
SC00001713,2025-12-31,INV00002969,S006,P00469,1,1,0,0.0
SC00001714,2025-12-31,INV00006400,S013,P00400,2,2,0,0.0
SC00001715,2025-12-31,INV00009140,S019,P00140,3,3,0,0.0
SC00001716,2025-12-31,INV00014468,S029,P00468,2,2,0,0.0
SC00001717,2025-12-31,INV00005456,S011,P00456,4,4,0,0.0
SC00001718,2025-12-31,INV00007871,S016,P00371,5,5,0,0.0
SC00001719,2025-12-31,INV00014341,S029,P00341,2,2,0,0.0
SC00001720,2025-12-31,INV00010178,S021,P00178,12,12,0,0.0
SC00001721,2025-12-31,INV00006945,S014,P00445,4,4,0,0.0
SC00001722,2025-12-31,INV00003485,S007,P00485,4,4,0,0.0
SC00001723,2025-12-31,INV00005788,S012,P00288,5,5,0,0.0
SC00001724,2025-12-31,INV00003936,S008,P00436,2,2,0,0.0
SC00001725,2025-12-31,INV00006136,S013,P00136,9,9,0,0.0
SC00001726,2025-12-31,INV00004404,S009,P00404,3,3,0,0.0
SC00001727,2025-12-31,INV00004308,S009,P00308,4,4,0,0.0
SC00001728,2025-12-31,INV00000255,S001,P00255,6,6,0,0.0
SC00001729,2025-12-31,INV00008808,S018,P00308,4,4,0,0.0
SC00001730,2025-12-31,INV00008410,S017,P00410,4,4,0,0.0
SC00001731,2025-12-31,INV00006656,S014,P00156,7,7,0,0.0
SC00001732,2025-12-31,INV00002316,S005,P00316,7,7,0,0.0
SC00001733,2025-12-31,INV00009116,S019,P00116,5,5,0,0.0
SC00001734,2025-12-31,INV00012623,S026,P00123,2,2,0,0.0
SC00001735,2025-12-31,INV00001711,S004,P00211,2,2,0,0.0
SC00001736,2025-12-31,INV00014493,S029,P00493,3,3,0,0.0
SC00001737,2025-12-31,INV00006152,S013,P00152,6,6,0,0.0
SC00001738,2025-12-31,INV00003111,S007,P00111,2,2,0,0.0
SC00001739,2025-12-31,INV00000267,S001,P00267,2,2,0,0.0
SC00001740,2025-12-31,INV00013467,S027,P00467,1,1,0,0.0
SC00001741,2025-12-31,INV00001593,S004,P00093,8,8,0,0.0
SC00001742,2025-12-31,INV00008017,S017,P00017,8,8,0,0.0
SC00001743,2025-12-31,INV00006668,S014,P00168,5,5,0,0.0
SC00001744,2025-12-31,INV00003754,S008,P00254,1,1,0,0.0
SC00001745,2025-12-31,INV00009623,S020,P00123,6,6,0,0.0
SC00001746,2025-12-31,INV00002835,S006,P00335,1,1,0,0.0
SC00001747,2025-12-31,INV00000705,S002,P00205,12,12,0,0.0
SC00001748,2025-12-31,INV00007688,S016,P00188,24,23,-1,-0.0417
SC00001749,2025-12-31,INV00004919,S010,P00419,3,3,0,0.0
SC00001750,2025-12-31,INV00005903,S012,P00403,2,2,0,0.0
SC00001751,2025-12-31,INV00012799,S026,P00299,1,1,0,0.0
SC00001752,2025-12-31,INV00002871,S006,P00371,9,9,0,0.0
SC00001753,2025-12-31,INV00014728,S030,P00228,3,3,0,0.0
SC00001754,2025-12-31,INV00011996,S024,P00496,4,4,0,0.0
SC00001755,2025-12-31,INV00001332,S003,P00332,9,9,0,0.0
SC00001756,2025-12-31,INV00005560,S012,P00060,1,1,0,0.0
SC00001757,2025-12-31,INV00008088,S017,P00088,1,1,0,0.0
SC00001758,2025-12-31,INV00012802,S026,P00302,10,10,0,0.0
SC00001759,2025-12-31,INV00012173,S025,P00173,2,2,0,0.0
SC00001760,2025-12-31,INV00009937,S020,P00437,7,7,0,0.0
SC00001761,2025-12-31,INV00008958,S018,P00458,3,3,0,0.0
SC00001762,2025-12-31,INV00007422,S015,P00422,8,8,0,0.0
SC00001763,2025-12-31,INV00010140,S021,P00140,4,4,0,0.0
SC00001764,2025-12-31,INV00011001,S023,P00001,1,1,0,0.0
SC00001765,2025-12-31,INV00002334,S005,P00334,5,5,0,0.0
SC00001766,2025-12-31,INV00013180,S027,P00180,6,6,0,0.0
SC00001767,2025-12-31,INV00002173,S005,P00173,5,5,0,0.0
SC00001768,2025-12-31,INV00001459,S003,P00459,4,4,0,0.0
SC00001769,2025-12-31,INV00004616,S010,P00116,2,2,0,0.0
SC00001770,2025-12-31,INV00003498,S007,P00498,3,3,0,0.0
SC00001771,2025-12-31,INV00006240,S013,P00240,1,1,0,0.0
SC00001772,2025-12-31,INV00011662,S024,P00162,1,1,0,0.0
SC00001773,2025-12-31,INV00006174,S013,P00174,6,6,0,0.0
SC00001774,2025-12-31,INV00013278,S027,P00278,2,2,0,0.0
SC00001775,2025-12-31,INV00003410,S007,P00410,3,3,0,0.0
SC00001776,2025-12-31,INV00008301,S017,P00301,6,6,0,0.0
SC00001777,2025-12-31,INV00010758,S022,P00258,15,15,0,0.0
SC00001778,2025-12-31,INV00008323,S017,P00323,1,1,0,0.0
SC00001779,2025-12-31,INV00005519,S012,P00019,11,11,0,0.0
SC00001780,2025-12-31,INV00012078,S025,P00078,8,8,0,0.0
SC00001781,2025-12-31,INV00003225,S007,P00225,1,1,0,0.0
SC00001782,2025-12-31,INV00010069,S021,P00069,7,7,0,0.0
SC00001783,2025-12-31,INV00001810,S004,P00310,4,4,0,0.0
SC00001784,2025-12-31,INV00002427,S005,P00427,2,2,0,0.0
SC00001785,2025-12-31,INV00005186,S011,P00186,6,6,0,0.0
SC00001786,2025-12-31,INV00007365,S015,P00365,9,9,0,0.0
SC00001787,2025-12-31,INV00006714,S014,P00214,2,2,0,0.0
SC00001788,2025-12-31,INV00000777,S002,P00277,3,3,0,0.0
SC00001789,2025-12-31,INV00004977,S010,P00477,2,2,0,0.0
SC00001790,2025-12-31,INV00010612,S022,P00112,1,1,0,0.0
SC00001791,2025-12-31,INV00009443,S019,P00443,3,3,0,0.0
SC00001792,2025-12-31,INV00006508,S014,P00008,1,1,0,0.0
SC00001793,2025-12-31,INV00012107,S025,P00107,6,6,0,0.0
SC00001794,2025-12-31,INV00010119,S021,P00119,10,10,0,0.0
SC00001795,2025-12-31,INV00002011,S005,P00011,4,4,0,0.0
SC00001796,2025-12-31,INV00002883,S006,P00383,1,1,0,0.0
SC00001797,2025-12-31,INV00010036,S021,P00036,5,5,0,0.0
SC00001798,2025-12-31,INV00005911,S012,P00411,8,8,0,0.0
SC00001799,2025-12-31,INV00012800,S026,P00300,4,4,0,0.0
SC00001800,2025-12-31,INV00013905,S028,P00405,3,3,0,0.0
SC00001801,2025-12-31,INV00013003,S027,P00003,2,2,0,0.0
SC00001802,2025-12-31,INV00004520,S010,P00020,6,6,0,0.0
SC00001803,2025-12-31,INV00003794,S008,P00294,1,1,0,0.0
SC00001804,2025-12-31,INV00000780,S002,P00280,20,21,1,0.05
SC00001805,2025-12-31,INV00007037,S015,P00037,1,1,0,0.0
SC00001806,2025-12-31,INV00011368,S023,P00368,9,9,0,0.0
SC00001807,2025-12-31,INV00013869,S028,P00369,7,7,0,0.0
SC00001808,2025-12-31,INV00006869,S014,P00369,5,5,0,0.0
SC00001809,2025-12-31,INV00014637,S030,P00137,3,3,0,0.0
SC00001810,2025-12-31,INV00010129,S021,P00129,8,8,0,0.0
SC00001811,2025-12-31,INV00014641,S030,P00141,6,6,0,0.0
SC00001812,2025-12-31,INV00001612,S004,P00112,1,1,0,0.0
SC00001813,2025-12-31,INV00007506,S016,P00006,11,11,0,0.0
SC00001814,2025-12-31,INV00013588,S028,P00088,1,1,0,0.0
SC00001815,2025-12-31,INV00005833,S012,P00333,4,4,0,0.0
SC00001816,2025-12-31,INV00006982,S014,P00482,2,2,0,0.0
SC00001817,2025-12-31,INV00004116,S009,P00116,3,3,0,0.0
SC00001818,2025-12-31,INV00013542,S028,P00042,7,7,0,0.0
SC00001819,2025-12-31,INV00012863,S026,P00363,15,15,0,0.0
SC00001820,2025-12-31,INV00000788,S002,P00288,1,1,0,0.0
SC00001821,2025-12-31,INV00005046,S011,P00046,2,2,0,0.0
SC00001822,2025-12-31,INV00006219,S013,P00219,9,9,0,0.0
SC00001823,2025-12-31,INV00006685,S014,P00185,6,6,0,0.0
SC00001824,2025-12-31,INV00007270,S015,P00270,8,8,0,0.0
SC00001825,2025-12-31,INV00000271,S001,P00271,4,4,0,0.0
SC00001826,2025-12-31,INV00012588,S026,P00088,4,4,0,0.0
SC00001827,2025-12-31,INV00010665,S022,P00165,6,6,0,0.0
SC00001828,2025-12-31,INV00009681,S020,P00181,6,6,0,0.0
SC00001829,2025-12-31,INV00007243,S015,P00243,3,3,0,0.0
SC00001830,2025-12-31,INV00007669,S016,P00169,5,5,0,0.0
SC00001831,2025-12-31,INV00003654,S008,P00154,1,1,0,0.0
SC00001832,2025-12-31,INV00001041,S003,P00041,10,10,0,0.0
SC00001833,2025-12-31,INV00000666,S002,P00166,3,3,0,0.0
SC00001834,2025-12-31,INV00001863,S004,P00363,1,1,0,0.0
SC00001835,2025-12-31,INV00010543,S022,P00043,1,1,0,0.0
SC00001836,2025-12-31,INV00008451,S017,P00451,8,8,0,0.0
SC00001837,2025-12-31,INV00000975,S002,P00475,2,2,0,0.0
SC00001838,2025-12-31,INV00010385,S021,P00385,1,1,0,0.0
SC00001839,2025-12-31,INV00014374,S029,P00374,5,5,0,0.0
SC00001840,2025-12-31,INV00002417,S005,P00417,3,3,0,0.0
SC00001841,2025-12-31,INV00005406,S011,P00406,1,1,0,0.0
SC00001842,2025-12-31,INV00006244,S013,P00244,7,7,0,0.0
SC00001843,2025-12-31,INV00006145,S013,P00145,11,11,0,0.0
SC00001844,2025-12-31,INV00003744,S008,P00244,1,1,0,0.0
SC00001845,2025-12-31,INV00006540,S014,P00040,1,1,0,0.0
SC00001846,2025-12-31,INV00010200,S021,P00200,10,10,0,0.0
SC00001847,2025-12-31,INV00011437,S023,P00437,6,6,0,0.0
SC00001848,2025-12-31,INV00009342,S019,P00342,5,5,0,0.0
SC00001849,2025-12-31,INV00004711,S010,P00211,2,2,0,0.0
SC00001850,2025-12-31,INV00012123,S025,P00123,2,2,0,0.0
SC00001851,2025-12-31,INV00014218,S029,P00218,5,5,0,0.0
SC00001852,2025-12-31,INV00005135,S011,P00135,10,10,0,0.0
SC00001853,2025-12-31,INV00008911,S018,P00411,5,5,0,0.0
SC00001854,2025-12-31,INV00003638,S008,P00138,2,2,0,0.0
SC00001855,2025-12-31,INV00014133,S029,P00133,9,9,0,0.0
SC00001856,2025-12-31,INV00008874,S018,P00374,1,1,0,0.0
SC00001857,2025-12-31,INV00013404,S027,P00404,12,12,0,0.0
SC00001858,2025-12-31,INV00001089,S003,P00089,1,1,0,0.0
SC00001859,2025-12-31,INV00009074,S019,P00074,4,4,0,0.0
SC00001860,2025-12-31,INV00007400,S015,P00400,4,4,0,0.0
SC00001861,2025-12-31,INV00008304,S017,P00304,3,3,0,0.0
SC00001862,2025-12-31,INV00006002,S013,P00002,3,3,0,0.0
SC00001863,2025-12-31,INV00000886,S002,P00386,1,1,0,0.0
SC00001864,2025-12-31,INV00006912,S014,P00412,6,6,0,0.0
SC00001865,2025-12-31,INV00012002,S025,P00002,2,2,0,0.0
SC00001866,2025-12-31,INV00007712,S016,P00212,13,13,0,0.0
SC00001867,2025-12-31,INV00010602,S022,P00102,10,10,0,0.0
SC00001868,2025-12-31,INV00005291,S011,P00291,5,5,0,0.0
SC00001869,2025-12-31,INV00005649,S012,P00149,4,4,0,0.0
SC00001870,2025-12-31,INV00003386,S007,P00386,2,2,0,0.0
SC00001871,2025-12-31,INV00007110,S015,P00110,1,1,0,0.0
SC00001872,2025-12-31,INV00003766,S008,P00266,4,4,0,0.0
SC00001873,2025-12-31,INV00001683,S004,P00183,5,5,0,0.0
SC00001874,2025-12-31,INV00013253,S027,P00253,4,4,0,0.0
SC00001875,2025-12-31,INV00004748,S010,P00248,1,1,0,0.0
SC00001876,2025-12-31,INV00009653,S020,P00153,5,5,0,0.0
SC00001877,2025-12-31,INV00009395,S019,P00395,5,5,0,0.0
SC00001878,2025-12-31,INV00011240,S023,P00240,6,6,0,0.0
SC00001879,2025-12-31,INV00014840,S030,P00340,9,9,0,0.0
SC00001880,2025-12-31,INV00000877,S002,P00377,3,3,0,0.0
SC00001881,2025-12-31,INV00011833,S024,P00333,3,3,0,0.0
SC00001882,2025-12-31,INV00005124,S011,P00124,17,17,0,0.0
SC00001883,2025-12-31,INV00001701,S004,P00201,8,8,0,0.0
SC00001884,2025-12-31,INV00009213,S019,P00213,9,9,0,0.0
SC00001885,2025-12-31,INV00005343,S011,P00343,9,9,0,0.0
SC00001886,2025-12-31,INV00013721,S028,P00221,16,16,0,0.0
SC00001887,2025-12-31,INV00000104,S001,P00104,10,10,0,0.0
SC00001888,2025-12-31,INV00012699,S026,P00199,9,9,0,0.0
SC00001889,2025-12-31,INV00013089,S027,P00089,16,16,0,0.0
SC00001890,2025-12-31,INV00005958,S012,P00458,4,4,0,0.0
SC00001891,2025-12-31,INV00011421,S023,P00421,14,14,0,0.0
SC00001892,2025-12-31,INV00010198,S021,P00198,3,3,0,0.0
SC00001893,2025-12-31,INV00011468,S023,P00468,3,3,0,0.0
SC00001894,2025-12-31,INV00004069,S009,P00069,8,8,0,0.0
SC00001895,2025-12-31,INV00010991,S022,P00491,1,1,0,0.0
SC00001896,2025-12-31,INV00003608,S008,P00108,2,2,0,0.0
SC00001897,2025-12-31,INV00005134,S011,P00134,1,1,0,0.0
SC00001898,2025-12-31,INV00002563,S006,P00063,7,7,0,0.0
SC00001899,2025-12-31,INV00003190,S007,P00190,7,7,0,0.0
SC00001900,2025-12-31,INV00008265,S017,P00265,10,10,0,0.0
SC00001901,2025-12-31,INV00001786,S004,P00286,11,11,0,0.0
SC00001902,2025-12-31,INV00007856,S016,P00356,3,3,0,0.0
SC00001903,2025-12-31,INV00009247,S019,P00247,1,1,0,0.0
SC00001904,2025-12-31,INV00002292,S005,P00292,2,2,0,0.0
SC00001905,2025-12-31,INV00014005,S029,P00005,3,3,0,0.0
SC00001906,2025-12-31,INV00013652,S028,P00152,10,10,0,0.0
SC00001907,2025-12-31,INV00002496,S005,P00496,22,22,0,0.0
SC00001908,2025-12-31,INV00003625,S008,P00125,8,8,0,0.0
SC00001909,2025-12-31,INV00001893,S004,P00393,1,1,0,0.0
SC00001910,2025-12-31,INV00001744,S004,P00244,3,3,0,0.0
SC00001911,2025-12-31,INV00003901,S008,P00401,1,1,0,0.0
SC00001912,2025-12-31,INV00006059,S013,P00059,4,4,0,0.0
SC00001913,2025-12-31,INV00003060,S007,P00060,2,2,0,0.0
SC00001914,2025-12-31,INV00002663,S006,P00163,3,3,0,0.0
SC00001915,2025-12-31,INV00010418,S021,P00418,11,11,0,0.0
SC00001916,2025-12-31,INV00007456,S015,P00456,3,3,0,0.0
SC00001917,2025-12-31,INV00012331,S025,P00331,2,2,0,0.0
SC00001918,2025-12-31,INV00002707,S006,P00207,1,1,0,0.0
SC00001919,2025-12-31,INV00003248,S007,P00248,1,1,0,0.0
SC00001920,2025-12-31,INV00014533,S030,P00033,6,6,0,0.0
SC00001921,2025-12-31,INV00011500,S023,P00500,6,6,0,0.0
SC00001922,2025-12-31,INV00001585,S004,P00085,7,7,0,0.0
SC00001923,2025-12-31,INV00010399,S021,P00399,3,3,0,0.0
SC00001924,2025-12-31,INV00012763,S026,P00263,8,8,0,0.0
SC00001925,2025-12-31,INV00002885,S006,P00385,2,2,0,0.0
SC00001926,2025-12-31,INV00009803,S020,P00303,1,1,0,0.0
SC00001927,2025-12-31,INV00008258,S017,P00258,4,4,0,0.0
SC00001928,2025-12-31,INV00011999,S024,P00499,2,2,0,0.0
SC00001929,2025-12-31,INV00002100,S005,P00100,4,4,0,0.0
SC00001930,2025-12-31,INV00003693,S008,P00193,12,12,0,0.0
SC00001931,2025-12-31,INV00012571,S026,P00071,2,2,0,0.0
SC00001932,2025-12-31,INV00007703,S016,P00203,9,9,0,0.0
SC00001933,2025-12-31,INV00005027,S011,P00027,3,3,0,0.0
SC00001934,2025-12-31,INV00012466,S025,P00466,3,3,0,0.0
SC00001935,2025-12-31,INV00014525,S030,P00025,4,4,0,0.0
SC00001936,2025-12-31,INV00001736,S004,P00236,6,6,0,0.0
SC00001937,2025-12-31,INV00003501,S008,P00001,2,2,0,0.0
SC00001938,2025-12-31,INV00005086,S011,P00086,3,3,0,0.0
SC00001939,2025-12-31,INV00006172,S013,P00172,3,3,0,0.0
SC00001940,2025-12-31,INV00013667,S028,P00167,3,3,0,0.0
SC00001941,2025-12-31,INV00013913,S028,P00413,3,3,0,0.0
SC00001942,2025-12-31,INV00008331,S017,P00331,3,3,0,0.0
SC00001943,2025-12-31,INV00010306,S021,P00306,7,7,0,0.0
SC00001944,2025-12-31,INV00010846,S022,P00346,1,1,0,0.0
SC00001945,2025-12-31,INV00013417,S027,P00417,9,9,0,0.0
SC00001946,2025-12-31,INV00000782,S002,P00282,7,7,0,0.0
SC00001947,2025-12-31,INV00008217,S017,P00217,2,2,0,0.0
SC00001948,2025-12-31,INV00012323,S025,P00323,4,4,0,0.0
SC00001949,2025-12-31,INV00004716,S010,P00216,17,17,0,0.0
SC00001950,2025-12-31,INV00010003,S021,P00003,1,1,0,0.0
SC00001951,2025-12-31,INV00001556,S004,P00056,9,9,0,0.0
SC00001952,2025-12-31,INV00003737,S008,P00237,1,1,0,0.0
SC00001953,2025-12-31,INV00009483,S019,P00483,1,1,0,0.0
SC00001954,2025-12-31,INV00003579,S008,P00079,7,7,0,0.0
SC00001955,2025-12-31,INV00004892,S010,P00392,8,8,0,0.0
SC00001956,2025-12-31,INV00010480,S021,P00480,4,4,0,0.0
SC00001957,2025-12-31,INV00010827,S022,P00327,1,1,0,0.0
SC00001958,2025-12-31,INV00012263,S025,P00263,1,1,0,0.0
SC00001959,2025-12-31,INV00012717,S026,P00217,2,2,0,0.0
SC00001960,2025-12-31,INV00007246,S015,P00246,2,2,0,0.0
SC00001961,2025-12-31,INV00006620,S014,P00120,3,3,0,0.0
SC00001962,2025-12-31,INV00014625,S030,P00125,2,2,0,0.0
SC00001963,2025-12-31,INV00002547,S006,P00047,12,12,0,0.0
SC00001964,2025-12-31,INV00005310,S011,P00310,4,4,0,0.0
SC00001965,2025-12-31,INV00009450,S019,P00450,1,1,0,0.0
SC00001966,2025-12-31,INV00004140,S009,P00140,4,4,0,0.0
SC00001967,2025-12-31,INV00004278,S009,P00278,8,8,0,0.0
SC00001968,2025-12-31,INV00004451,S009,P00451,7,7,0,0.0
SC00001969,2025-12-31,INV00008483,S017,P00483,3,3,0,0.0
SC00001970,2025-12-31,INV00000801,S002,P00301,1,1,0,0.0
SC00001971,2025-12-31,INV00005460,S011,P00460,7,7,0,0.0
SC00001972,2025-12-31,INV00001399,S003,P00399,6,6,0,0.0
SC00001973,2025-12-31,INV00005383,S011,P00383,2,2,0,0.0
SC00001974,2025-12-31,INV00014095,S029,P00095,7,7,0,0.0
SC00001975,2025-12-31,INV00004333,S009,P00333,6,6,0,0.0
SC00001976,2025-12-31,INV00009950,S020,P00450,3,3,0,0.0
SC00001977,2025-12-31,INV00011990,S024,P00490,4,4,0,0.0
SC00001978,2025-12-31,INV00006684,S014,P00184,4,4,0,0.0
SC00001979,2025-12-31,INV00001492,S003,P00492,3,3,0,0.0
SC00001980,2025-12-31,INV00003587,S008,P00087,10,10,0,0.0
SC00001981,2025-12-31,INV00001290,S003,P00290,1,1,0,0.0
SC00001982,2025-12-31,INV00007964,S016,P00464,7,7,0,0.0
SC00001983,2025-12-31,INV00008007,S017,P00007,3,3,0,0.0
SC00001984,2025-12-31,INV00013604,S028,P00104,5,5,0,0.0
SC00001985,2025-12-31,INV00004739,S010,P00239,4,4,0,0.0
SC00001986,2025-12-31,INV00006962,S014,P00462,3,3,0,0.0
SC00001987,2025-12-31,INV00005576,S012,P00076,4,4,0,0.0
SC00001988,2025-12-31,INV00007055,S015,P00055,2,2,0,0.0
SC00001989,2025-12-31,INV00009977,S020,P00477,7,7,0,0.0
SC00001990,2025-12-31,INV00008516,S018,P00016,8,8,0,0.0
SC00001991,2025-12-31,INV00005017,S011,P00017,3,3,0,0.0
SC00001992,2025-12-31,INV00011343,S023,P00343,13,13,0,0.0
SC00001993,2025-12-31,INV00013992,S028,P00492,4,4,0,0.0
SC00001994,2025-12-31,INV00008859,S018,P00359,1,1,0,0.0
SC00001995,2025-12-31,INV00005219,S011,P00219,2,2,0,0.0
SC00001996,2025-12-31,INV00014485,S029,P00485,3,3,0,0.0
SC00001997,2025-12-31,INV00001645,S004,P00145,2,2,0,0.0
SC00001998,2025-12-31,INV00003839,S008,P00339,25,26,1,0.04
SC00001999,2025-12-31,INV00003979,S008,P00479,6,6,0,0.0
SC00002000,2025-12-31,INV00005120,S011,P00120,16,16,0,0.0
SC00002001,2025-12-31,INV00005964,S012,P00464,11,11,0,0.0
SC00002002,2025-12-31,INV00007519,S016,P00019,5,5,0,0.0
SC00002003,2025-12-31,INV00011894,S024,P00394,4,4,0,0.0
SC00002004,2025-12-31,INV00014629,S030,P00129,4,4,0,0.0
SC00002005,2025-12-31,INV00007763,S016,P00263,6,6,0,0.0
SC00002006,2025-12-31,INV00005204,S011,P00204,7,7,0,0.0
SC00002007,2025-12-31,INV00008682,S018,P00182,11,11,0,0.0
SC00002008,2025-12-31,INV00005281,S011,P00281,3,3,0,0.0
SC00002009,2025-12-31,INV00010902,S022,P00402,1,1,0,0.0
SC00002010,2025-12-31,INV00014859,S030,P00359,1,1,0,0.0
SC00002011,2025-12-31,INV00011043,S023,P00043,5,5,0,0.0
SC00002012,2025-12-31,INV00009941,S020,P00441,3,3,0,0.0
SC00002013,2025-12-31,INV00002838,S006,P00338,3,3,0,0.0
SC00002014,2025-12-31,INV00001516,S004,P00016,1,1,0,0.0
SC00002015,2025-12-31,INV00000718,S002,P00218,3,3,0,0.0
SC00002016,2025-12-31,INV00001606,S004,P00106,3,3,0,0.0
SC00002017,2025-12-31,INV00001533,S004,P00033,3,3,0,0.0
SC00002018,2025-12-31,INV00002540,S006,P00040,1,1,0,0.0
SC00002019,2025-12-31,INV00001506,S004,P00006,2,2,0,0.0
SC00002020,2025-12-31,INV00011103,S023,P00103,5,5,0,0.0
SC00002021,2025-12-31,INV00013820,S028,P00320,7,7,0,0.0
SC00002022,2025-12-31,INV00012795,S026,P00295,14,14,0,0.0
SC00002023,2025-12-31,INV00010547,S022,P00047,2,2,0,0.0
SC00002024,2025-12-31,INV00011282,S023,P00282,8,8,0,0.0
SC00002025,2025-12-31,INV00014801,S030,P00301,5,5,0,0.0
SC00002026,2025-12-31,INV00014962,S030,P00462,6,6,0,0.0
SC00002027,2025-12-31,INV00008684,S018,P00184,1,1,0,0.0
SC00002028,2025-12-31,INV00006464,S013,P00464,7,7,0,0.0
SC00002029,2025-12-31,INV00012333,S025,P00333,4,4,0,0.0
SC00002030,2025-12-31,INV00004160,S009,P00160,6,6,0,0.0
SC00002031,2025-12-31,INV00009437,S019,P00437,1,1,0,0.0
SC00002032,2025-12-31,INV00002927,S006,P00427,4,4,0,0.0
SC00002033,2025-12-31,INV00002854,S006,P00354,3,3,0,0.0
SC00002034,2025-12-31,INV00003801,S008,P00301,1,1,0,0.0
SC00002035,2025-12-31,INV00008925,S018,P00425,2,2,0,0.0
SC00002036,2025-12-31,INV00010327,S021,P00327,12,12,0,0.0
SC00002037,2025-12-31,INV00000224,S001,P00224,1,1,0,0.0
SC00002038,2025-12-31,INV00011316,S023,P00316,3,3,0,0.0
SC00002039,2025-12-31,INV00013212,S027,P00212,5,5,0,0.0
SC00002040,2025-12-31,INV00012868,S026,P00368,10,10,0,0.0
SC00002041,2025-12-31,INV00005002,S011,P00002,9,9,0,0.0
SC00002042,2025-12-31,INV00009540,S020,P00040,2,2,0,0.0
SC00002043,2025-12-31,INV00011317,S023,P00317,1,1,0,0.0
SC00002044,2025-12-31,INV00002994,S006,P00494,4,4,0,0.0
SC00002045,2025-12-31,INV00011450,S023,P00450,4,4,0,0.0
SC00002046,2025-12-31,INV00012607,S026,P00107,7,7,0,0.0
SC00002047,2025-12-31,INV00009549,S020,P00049,1,1,0,0.0
SC00002048,2025-12-31,INV00012544,S026,P00044,6,6,0,0.0
SC00002049,2025-12-31,INV00007880,S016,P00380,1,1,0,0.0
SC00002050,2025-12-31,INV00013497,S027,P00497,2,2,0,0.0
SC00002051,2025-12-31,INV00011066,S023,P00066,3,3,0,0.0
SC00002052,2025-12-31,INV00006243,S013,P00243,4,4,0,0.0
SC00002053,2025-12-31,INV00005569,S012,P00069,4,4,0,0.0
SC00002054,2025-12-31,INV00000672,S002,P00172,14,14,0,0.0
SC00002055,2025-12-31,INV00005103,S011,P00103,2,2,0,0.0
SC00002056,2025-12-31,INV00003068,S007,P00068,4,4,0,0.0
SC00002057,2025-12-31,INV00000934,S002,P00434,6,6,0,0.0
SC00002058,2025-12-31,INV00013151,S027,P00151,12,12,0,0.0
SC00002059,2025-12-31,INV00005000,S010,P00500,10,10,0,0.0
SC00002060,2025-12-31,INV00004240,S009,P00240,6,6,0,0.0
SC00002061,2025-12-31,INV00007970,S016,P00470,4,4,0,0.0
SC00002062,2025-12-31,INV00001381,S003,P00381,9,9,0,0.0
SC00002063,2025-12-31,INV00000269,S001,P00269,3,3,0,0.0
SC00002064,2025-12-31,INV00006875,S014,P00375,1,1,0,0.0
SC00002065,2025-12-31,INV00013524,S028,P00024,3,3,0,0.0
SC00002066,2025-12-31,INV00012375,S025,P00375,4,4,0,0.0
SC00002067,2025-12-31,INV00008305,S017,P00305,7,7,0,0.0
SC00002068,2025-12-31,INV00004790,S010,P00290,4,4,0,0.0
SC00002069,2025-12-31,INV00000876,S002,P00376,3,3,0,0.0
SC00002070,2025-12-31,INV00009831,S020,P00331,10,10,0,0.0
SC00002071,2025-12-31,INV00002076,S005,P00076,7,7,0,0.0
SC00002072,2025-12-31,INV00010261,S021,P00261,7,7,0,0.0
SC00002073,2025-12-31,INV00011140,S023,P00140,9,9,0,0.0
SC00002074,2025-12-31,INV00003648,S008,P00148,6,6,0,0.0
SC00002075,2025-12-31,INV00001434,S003,P00434,2,2,0,0.0
SC00002076,2025-12-31,INV00000351,S001,P00351,7,7,0,0.0
SC00002077,2025-12-31,INV00014051,S029,P00051,3,3,0,0.0
SC00002078,2025-12-31,INV00007136,S015,P00136,9,9,0,0.0
SC00002079,2025-12-31,INV00005194,S011,P00194,3,3,0,0.0
SC00002080,2025-12-31,INV00014021,S029,P00021,6,6,0,0.0
SC00002081,2025-12-31,INV00008709,S018,P00209,4,4,0,0.0
SC00002082,2025-12-31,INV00001757,S004,P00257,9,9,0,0.0
SC00002083,2025-12-31,INV00012051,S025,P00051,15,15,0,0.0
SC00002084,2025-12-31,INV00002214,S005,P00214,5,5,0,0.0
SC00002085,2025-12-31,INV00013113,S027,P00113,8,8,0,0.0
SC00002086,2025-12-31,INV00001260,S003,P00260,3,3,0,0.0
SC00002087,2025-12-31,INV00003466,S007,P00466,12,12,0,0.0
SC00002088,2025-12-31,INV00003196,S007,P00196,2,2,0,0.0
SC00002089,2025-12-31,INV00007452,S015,P00452,2,2,0,0.0
SC00002090,2025-12-31,INV00011804,S024,P00304,4,4,0,0.0
SC00002091,2025-12-31,INV00006512,S014,P00012,4,4,0,0.0
SC00002092,2025-12-31,INV00003040,S007,P00040,5,5,0,0.0
SC00002093,2025-12-31,INV00013915,S028,P00415,16,16,0,0.0
SC00002094,2025-12-31,INV00001134,S003,P00134,2,2,0,0.0
SC00002095,2025-12-31,INV00004708,S010,P00208,4,4,0,0.0
SC00002096,2025-12-31,INV00001941,S004,P00441,1,1,0,0.0
SC00002097,2025-12-31,INV00005524,S012,P00024,4,4,0,0.0
SC00002098,2025-12-31,INV00009541,S020,P00041,23,24,1,0.0435
SC00002099,2025-12-31,INV00010102,S021,P00102,2,2,0,0.0
SC00002100,2025-12-31,INV00001291,S003,P00291,2,2,0,0.0
SC00002101,2025-12-31,INV00009413,S019,P00413,2,2,0,0.0
SC00002102,2025-12-31,INV00013762,S028,P00262,9,9,0,0.0
SC00002103,2025-12-31,INV00005372,S011,P00372,1,1,0,0.0
SC00002104,2025-12-31,INV00005092,S011,P00092,2,2,0,0.0
SC00002105,2025-12-31,INV00006557,S014,P00057,7,7,0,0.0
SC00002106,2025-12-31,INV00014426,S029,P00426,4,4,0,0.0
SC00002107,2025-12-31,INV00003200,S007,P00200,1,1,0,0.0
SC00002108,2025-12-31,INV00008213,S017,P00213,1,1,0,0.0
SC00002109,2025-12-31,INV00005218,S011,P00218,1,1,0,0.0
SC00002110,2025-12-31,INV00000314,S001,P00314,1,1,0,0.0
SC00002111,2025-12-31,INV00010831,S022,P00331,13,13,0,0.0
SC00002112,2025-12-31,INV00012076,S025,P00076,4,4,0,0.0
SC00002113,2025-12-31,INV00013692,S028,P00192,3,3,0,0.0
SC00002114,2025-12-31,INV00001927,S004,P00427,2,2,0,0.0
SC00002115,2025-12-31,INV00013372,S027,P00372,2,2,0,0.0
SC00002116,2025-12-31,INV00002021,S005,P00021,3,3,0,0.0
SC00002117,2025-12-31,INV00001427,S003,P00427,8,8,0,0.0
SC00002118,2025-12-31,INV00005991,S012,P00491,2,2,0,0.0
SC00002119,2025-12-31,INV00006709,S014,P00209,11,11,0,0.0
SC00002120,2025-12-31,INV00014477,S029,P00477,5,5,0,0.0
SC00002121,2025-12-31,INV00007768,S016,P00268,3,3,0,0.0
SC00002122,2025-12-31,INV00012369,S025,P00369,3,3,0,0.0
SC00002123,2025-12-31,INV00002420,S005,P00420,3,3,0,0.0
SC00002124,2025-12-31,INV00003896,S008,P00396,15,15,0,0.0
SC00002125,2025-12-31,INV00013219,S027,P00219,3,3,0,0.0
SC00002126,2025-12-31,INV00003169,S007,P00169,10,10,0,0.0
SC00002127,2025-12-31,INV00008578,S018,P00078,1,1,0,0.0
SC00002128,2025-12-31,INV00014788,S030,P00288,3,3,0,0.0
SC00002129,2025-12-31,INV00007268,S015,P00268,3,3,0,0.0
SC00002130,2025-12-31,INV00011736,S024,P00236,1,1,0,0.0
SC00002131,2025-12-31,INV00001778,S004,P00278,7,7,0,0.0
SC00002132,2025-12-31,INV00001583,S004,P00083,5,5,0,0.0
SC00002133,2025-12-31,INV00002250,S005,P00250,3,3,0,0.0
SC00002134,2025-12-31,INV00003055,S007,P00055,3,3,0,0.0
SC00002135,2025-12-31,INV00014909,S030,P00409,4,4,0,0.0
SC00002136,2025-12-31,INV00004878,S010,P00378,3,3,0,0.0
SC00002137,2025-12-31,INV00002234,S005,P00234,21,20,-1,-0.0476
SC00002138,2025-12-31,INV00007427,S015,P00427,19,19,0,0.0
SC00002139,2025-12-31,INV00003681,S008,P00181,1,1,0,0.0
SC00002140,2025-12-31,INV00013629,S028,P00129,2,2,0,0.0
SC00002141,2025-12-31,INV00007646,S016,P00146,3,3,0,0.0
SC00002142,2025-12-31,INV00008031,S017,P00031,2,2,0,0.0
SC00002143,2025-12-31,INV00001415,S003,P00415,1,1,0,0.0
SC00002144,2025-12-31,INV00002296,S005,P00296,2,2,0,0.0
SC00002145,2025-12-31,INV00013276,S027,P00276,2,2,0,0.0
SC00002146,2025-12-31,INV00000149,S001,P00149,1,1,0,0.0
SC00002147,2025-12-31,INV00004895,S010,P00395,6,6,0,0.0
SC00002148,2025-12-31,INV00013034,S027,P00034,6,6,0,0.0
SC00002149,2025-12-31,INV00004092,S009,P00092,13,13,0,0.0
SC00002150,2025-12-31,INV00003861,S008,P00361,1,1,0,0.0
SC00002151,2025-12-31,INV00009707,S020,P00207,5,5,0,0.0
SC00002152,2025-12-31,INV00006931,S014,P00431,7,7,0,0.0
SC00002153,2025-12-31,INV00005959,S012,P00459,6,6,0,0.0
SC00002154,2025-12-31,INV00009043,S019,P00043,1,1,0,0.0
SC00002155,2025-12-31,INV00006771,S014,P00271,3,3,0,0.0
SC00002156,2025-12-31,INV00007644,S016,P00144,8,8,0,0.0
SC00002157,2025-12-31,INV00007991,S016,P00491,2,2,0,0.0
SC00002158,2025-12-31,INV00012491,S025,P00491,5,5,0,0.0
SC00002159,2025-12-31,INV00010446,S021,P00446,2,2,0,0.0
SC00002160,2025-12-31,INV00010424,S021,P00424,4,4,0,0.0
SC00002161,2025-12-31,INV00004912,S010,P00412,2,2,0,0.0
SC00002162,2025-12-31,INV00013307,S027,P00307,2,2,0,0.0
SC00002163,2025-12-31,INV00003188,S007,P00188,3,3,0,0.0
SC00002164,2025-12-31,INV00005152,S011,P00152,1,1,0,0.0
SC00002165,2025-12-31,INV00000448,S001,P00448,1,1,0,0.0
SC00002166,2025-12-31,INV00014827,S030,P00327,4,4,0,0.0
SC00002167,2025-12-31,INV00003152,S007,P00152,3,3,0,0.0
SC00002168,2025-12-31,INV00014671,S030,P00171,1,1,0,0.0
SC00002169,2025-12-31,INV00006878,S014,P00378,6,6,0,0.0
SC00002170,2025-12-31,INV00012871,S026,P00371,3,3,0,0.0
SC00002171,2025-12-31,INV00014075,S029,P00075,5,5,0,0.0
SC00002172,2025-12-31,INV00005553,S012,P00053,1,1,0,0.0
SC00002173,2025-12-31,INV00011014,S023,P00014,4,4,0,0.0
SC00002174,2025-12-31,INV00000212,S001,P00212,2,2,0,0.0
SC00002175,2025-12-31,INV00007762,S016,P00262,3,3,0,0.0
SC00002176,2025-12-31,INV00007915,S016,P00415,4,4,0,0.0
SC00002177,2025-12-31,INV00011974,S024,P00474,9,9,0,0.0
SC00002178,2025-12-31,INV00010823,S022,P00323,1,1,0,0.0
SC00002179,2025-12-31,INV00011466,S023,P00466,3,3,0,0.0
SC00002180,2025-12-31,INV00011360,S023,P00360,3,3,0,0.0
SC00002181,2025-12-31,INV00013516,S028,P00016,10,10,0,0.0
SC00002182,2025-12-31,INV00001627,S004,P00127,7,7,0,0.0
SC00002183,2025-12-31,INV00010514,S022,P00014,2,2,0,0.0
SC00002184,2025-12-31,INV00010116,S021,P00116,6,6,0,0.0
SC00002185,2025-12-31,INV00001165,S003,P00165,2,2,0,0.0
SC00002186,2025-12-31,INV00004786,S010,P00286,4,4,0,0.0
SC00002187,2025-12-31,INV00012112,S025,P00112,4,4,0,0.0
SC00002188,2025-12-31,INV00000431,S001,P00431,2,2,0,0.0
SC00002189,2025-12-31,INV00013946,S028,P00446,1,1,0,0.0
SC00002190,2025-12-31,INV00003998,S008,P00498,1,1,0,0.0
SC00002191,2025-12-31,INV00002756,S006,P00256,1,1,0,0.0
SC00002192,2025-12-31,INV00002197,S005,P00197,1,1,0,0.0
SC00002193,2025-12-31,INV00009006,S019,P00006,3,3,0,0.0
SC00002194,2025-12-31,INV00002715,S006,P00215,14,14,0,0.0
SC00002195,2025-12-31,INV00014157,S029,P00157,10,10,0,0.0
SC00002196,2025-12-31,INV00002861,S006,P00361,1,1,0,0.0
SC00002197,2025-12-31,INV00001450,S003,P00450,6,6,0,0.0
SC00002198,2025-12-31,INV00012692,S026,P00192,1,1,0,0.0
SC00002199,2025-12-31,INV00002610,S006,P00110,22,21,-1,-0.0455
SC00002200,2025-12-31,INV00005941,S012,P00441,2,2,0,0.0
SC00002201,2025-12-31,INV00002209,S005,P00209,4,4,0,0.0
SC00002202,2025-12-31,INV00011635,S024,P00135,15,15,0,0.0
SC00002203,2025-12-31,INV00013890,S028,P00390,1,1,0,0.0
SC00002204,2025-12-31,INV00008885,S018,P00385,4,4,0,0.0
SC00002205,2025-12-31,INV00009201,S019,P00201,7,7,0,0.0
SC00002206,2025-12-31,INV00005629,S012,P00129,10,10,0,0.0
SC00002207,2025-12-31,INV00002538,S006,P00038,4,4,0,0.0
SC00002208,2025-12-31,INV00008312,S017,P00312,3,3,0,0.0
SC00002209,2025-12-31,INV00008450,S017,P00450,4,4,0,0.0
SC00002210,2025-12-31,INV00013324,S027,P00324,5,5,0,0.0
SC00002211,2025-12-31,INV00000074,S001,P00074,2,2,0,0.0
SC00002212,2025-12-31,INV00013873,S028,P00373,4,4,0,0.0
SC00002213,2025-12-31,INV00005621,S012,P00121,6,6,0,0.0
SC00002214,2025-12-31,INV00008651,S018,P00151,14,14,0,0.0
SC00002215,2025-12-31,INV00014649,S030,P00149,4,4,0,0.0
SC00002216,2025-12-31,INV00013304,S027,P00304,4,4,0,0.0
SC00002217,2025-12-31,INV00014377,S029,P00377,7,7,0,0.0
SC00002218,2025-12-31,INV00012340,S025,P00340,1,1,0,0.0
SC00002219,2025-12-31,INV00002317,S005,P00317,3,3,0,0.0
SC00002220,2025-12-31,INV00014080,S029,P00080,20,19,-1,-0.05
SC00002221,2025-12-31,INV00004803,S010,P00303,4,4,0,0.0
SC00002222,2025-12-31,INV00012562,S026,P00062,6,6,0,0.0
SC00002223,2025-12-31,INV00012731,S026,P00231,4,4,0,0.0
SC00002224,2025-12-31,INV00003615,S008,P00115,8,8,0,0.0
SC00002225,2025-12-31,INV00012616,S026,P00116,1,1,0,0.0
SC00002226,2025-12-31,INV00000862,S002,P00362,7,7,0,0.0
SC00002227,2025-12-31,INV00013535,S028,P00035,4,4,0,0.0
SC00002228,2025-12-31,INV00004474,S009,P00474,4,4,0,0.0
SC00002229,2025-12-31,INV00010441,S021,P00441,13,13,0,0.0
SC00002230,2025-12-31,INV00003287,S007,P00287,10,10,0,0.0
SC00002231,2025-12-31,INV00009331,S019,P00331,2,2,0,0.0
SC00002232,2025-12-31,INV00013537,S028,P00037,4,4,0,0.0
SC00002233,2025-12-31,INV00006966,S014,P00466,10,10,0,0.0
SC00002234,2025-12-31,INV00000041,S001,P00041,1,1,0,0.0
SC00002235,2025-12-31,INV00002791,S006,P00291,5,5,0,0.0
SC00002236,2025-12-31,INV00003561,S008,P00061,19,19,0,0.0
SC00002237,2025-12-31,INV00000550,S002,P00050,3,3,0,0.0
SC00002238,2025-12-31,INV00004883,S010,P00383,8,8,0,0.0
SC00002239,2025-12-31,INV00001669,S004,P00169,4,4,0,0.0
SC00002240,2025-12-31,INV00014795,S030,P00295,4,4,0,0.0
SC00002241,2025-12-31,INV00013512,S028,P00012,7,7,0,0.0
SC00002242,2025-12-31,INV00011620,S024,P00120,1,1,0,0.0
SC00002243,2025-12-31,INV00000322,S001,P00322,8,8,0,0.0
SC00002244,2025-12-31,INV00001437,S003,P00437,1,1,0,0.0
SC00002245,2025-12-31,INV00003593,S008,P00093,3,3,0,0.0
SC00002246,2025-12-31,INV00013617,S028,P00117,3,3,0,0.0
SC00002247,2025-12-31,INV00003974,S008,P00474,1,1,0,0.0
SC00002248,2025-12-31,INV00010435,S021,P00435,5,5,0,0.0
SC00002249,2025-12-31,INV00010419,S021,P00419,4,4,0,0.0
SC00002250,2025-12-31,INV00012368,S025,P00368,8,8,0,0.0
SC00002251,2025-12-31,INV00010759,S022,P00259,5,5,0,0.0
SC00002252,2025-12-31,INV00003450,S007,P00450,1,1,0,0.0
SC00002253,2025-12-31,INV00014854,S030,P00354,8,8,0,0.0
SC00002254,2025-12-31,INV00009435,S019,P00435,7,7,0,0.0
SC00002255,2025-12-31,INV00002083,S005,P00083,7,7,0,0.0
SC00002256,2025-12-31,INV00007896,S016,P00396,5,5,0,0.0
SC00002257,2025-12-31,INV00009245,S019,P00245,4,4,0,0.0
SC00002258,2025-12-31,INV00007145,S015,P00145,7,7,0,0.0
SC00002259,2025-12-31,INV00002989,S006,P00489,18,18,0,0.0
SC00002260,2025-12-31,INV00001192,S003,P00192,5,5,0,0.0
SC00002261,2025-12-31,INV00009327,S019,P00327,9,9,0,0.0
SC00002262,2025-12-31,INV00009635,S020,P00135,1,1,0,0.0
SC00002263,2025-12-31,INV00003740,S008,P00240,8,8,0,0.0
SC00002264,2025-12-31,INV00011960,S024,P00460,1,1,0,0.0
SC00002265,2025-12-31,INV00004770,S010,P00270,7,7,0,0.0
SC00002266,2025-12-31,INV00009233,S019,P00233,2,2,0,0.0
SC00002267,2025-12-31,INV00000736,S002,P00236,1,1,0,0.0
SC00002268,2025-12-31,INV00003508,S008,P00008,1,1,0,0.0
SC00002269,2025-12-31,INV00014451,S029,P00451,4,4,0,0.0
SC00002270,2025-12-31,INV00006604,S014,P00104,1,1,0,0.0
SC00002271,2025-12-31,INV00012912,S026,P00412,2,2,0,0.0
SC00002272,2025-12-31,INV00009765,S020,P00265,4,4,0,0.0
SC00002273,2025-12-31,INV00003552,S008,P00052,2,2,0,0.0
SC00002274,2025-12-31,INV00010095,S021,P00095,3,3,0,0.0
SC00002275,2025-12-31,INV00005755,S012,P00255,3,3,0,0.0
SC00002276,2025-12-31,INV00012720,S026,P00220,6,6,0,0.0
SC00002277,2025-12-31,INV00009672,S020,P00172,8,8,0,0.0
SC00002278,2025-12-31,INV00003907,S008,P00407,4,4,0,0.0
SC00002279,2025-12-31,INV00014913,S030,P00413,12,12,0,0.0
SC00002280,2025-12-31,INV00014281,S029,P00281,5,5,0,0.0
SC00002281,2025-12-31,INV00008141,S017,P00141,1,1,0,0.0
SC00002282,2025-12-31,INV00007333,S015,P00333,3,3,0,0.0
SC00002283,2025-12-31,INV00014565,S030,P00065,3,3,0,0.0
SC00002284,2025-12-31,INV00012745,S026,P00245,2,2,0,0.0
SC00002285,2025-12-31,INV00010737,S022,P00237,4,4,0,0.0
SC00002286,2025-12-31,INV00010780,S022,P00280,6,6,0,0.0
SC00002287,2025-12-31,INV00001400,S003,P00400,21,21,0,0.0
SC00002288,2025-12-31,INV00006973,S014,P00473,2,2,0,0.0
SC00002289,2025-12-31,INV00010639,S022,P00139,4,4,0,0.0
SC00002290,2025-12-31,INV00003560,S008,P00060,3,3,0,0.0
SC00002291,2025-12-31,INV00001102,S003,P00102,6,6,0,0.0
SC00002292,2025-12-31,INV00001618,S004,P00118,1,1,0,0.0
SC00002293,2025-12-31,INV00006203,S013,P00203,3,3,0,0.0
SC00002294,2025-12-31,INV00004934,S010,P00434,1,1,0,0.0
SC00002295,2025-12-31,INV00006865,S014,P00365,7,7,0,0.0
SC00002296,2025-12-31,INV00012558,S026,P00058,28,27,-1,-0.0357
SC00002297,2025-12-31,INV00012425,S025,P00425,2,2,0,0.0
SC00002298,2025-12-31,INV00007029,S015,P00029,2,2,0,0.0
SC00002299,2025-12-31,INV00009590,S020,P00090,3,3,0,0.0
SC00002300,2025-12-31,INV00011433,S023,P00433,4,4,0,0.0
SC00002301,2025-12-31,INV00004922,S010,P00422,15,15,0,0.0
SC00002302,2025-12-31,INV00006103,S013,P00103,4,4,0,0.0
SC00002303,2025-12-31,INV00000220,S001,P00220,4,4,0,0.0
SC00002304,2025-12-31,INV00002395,S005,P00395,3,3,0,0.0
SC00002305,2025-12-31,INV00004599,S010,P00099,8,8,0,0.0
SC00002306,2025-12-31,INV00009219,S019,P00219,5,5,0,0.0
SC00002307,2025-12-31,INV00000148,S001,P00148,5,5,0,0.0
SC00002308,2025-12-31,INV00001136,S003,P00136,2,2,0,0.0
SC00002309,2025-12-31,INV00010716,S022,P00216,7,7,0,0.0
SC00002310,2025-12-31,INV00005078,S011,P00078,4,4,0,0.0
SC00002311,2025-12-31,INV00009431,S019,P00431,6,6,0,0.0
SC00002312,2025-12-31,INV00007156,S015,P00156,10,10,0,0.0
SC00002313,2025-12-31,INV00008101,S017,P00101,2,2,0,0.0
SC00002314,2025-12-31,INV00001389,S003,P00389,5,5,0,0.0
SC00002315,2025-12-31,INV00013316,S027,P00316,3,3,0,0.0
SC00002316,2025-12-31,INV00011497,S023,P00497,1,1,0,0.0
SC00002317,2025-12-31,INV00006404,S013,P00404,7,7,0,0.0
SC00002318,2025-12-31,INV00007859,S016,P00359,6,6,0,0.0
SC00002319,2025-12-31,INV00004294,S009,P00294,3,3,0,0.0
SC00002320,2025-12-31,INV00014756,S030,P00256,3,3,0,0.0
SC00002321,2025-12-31,INV00012319,S025,P00319,8,8,0,0.0
SC00002322,2025-12-31,INV00007119,S015,P00119,3,3,0,0.0
SC00002323,2025-12-31,INV00013182,S027,P00182,4,4,0,0.0
SC00002324,2025-12-31,INV00008368,S017,P00368,1,1,0,0.0
SC00002325,2025-12-31,INV00014620,S030,P00120,1,1,0,0.0
SC00002326,2025-12-31,INV00009252,S019,P00252,3,3,0,0.0
SC00002327,2025-12-31,INV00014956,S030,P00456,2,2,0,0.0
SC00002328,2025-12-31,INV00011549,S024,P00049,1,1,0,0.0
SC00002329,2025-12-31,INV00002744,S006,P00244,8,8,0,0.0
SC00002330,2025-12-31,INV00013132,S027,P00132,8,8,0,0.0
SC00002331,2025-12-31,INV00004608,S010,P00108,4,4,0,0.0
SC00002332,2025-12-31,INV00005613,S012,P00113,2,2,0,0.0
SC00002333,2025-12-31,INV00008617,S018,P00117,6,6,0,0.0
SC00002334,2025-12-31,INV00002702,S006,P00202,8,8,0,0.0
SC00002335,2025-12-31,INV00008068,S017,P00068,4,4,0,0.0
SC00002336,2025-12-31,INV00012356,S025,P00356,4,4,0,0.0
SC00002337,2025-12-31,INV00010008,S021,P00008,3,3,0,0.0
SC00002338,2025-12-31,INV00012992,S026,P00492,1,1,0,0.0
SC00002339,2025-12-31,INV00001655,S004,P00155,9,9,0,0.0
SC00002340,2025-12-31,INV00012648,S026,P00148,6,6,0,0.0
SC00002341,2025-12-31,INV00011925,S024,P00425,6,6,0,0.0
SC00002342,2025-12-31,INV00014064,S029,P00064,3,3,0,0.0
SC00002343,2025-12-31,INV00006882,S014,P00382,18,18,0,0.0
SC00002344,2025-12-31,INV00010783,S022,P00283,3,3,0,0.0
SC00002345,2025-12-31,INV00004453,S009,P00453,18,18,0,0.0
SC00002346,2025-12-31,INV00009424,S019,P00424,2,2,0,0.0
SC00002347,2025-12-31,INV00003864,S008,P00364,1,1,0,0.0
SC00002348,2025-12-31,INV00013041,S027,P00041,5,5,0,0.0
SC00002349,2025-12-31,INV00007153,S015,P00153,2,2,0,0.0
SC00002350,2025-12-31,INV00013053,S027,P00053,1,1,0,0.0
SC00002351,2025-12-31,INV00007996,S016,P00496,3,3,0,0.0
SC00002352,2025-12-31,INV00000763,S002,P00263,2,2,0,0.0
SC00002353,2025-12-31,INV00007822,S016,P00322,3,3,0,0.0
SC00002354,2025-12-31,INV00009535,S020,P00035,4,4,0,0.0
SC00002355,2025-12-31,INV00009579,S020,P00079,1,1,0,0.0
SC00002356,2025-12-31,INV00005943,S012,P00443,6,6,0,0.0
SC00002357,2025-12-31,INV00012456,S025,P00456,6,6,0,0.0
SC00002358,2025-12-31,INV00002930,S006,P00430,6,6,0,0.0
SC00002359,2025-12-31,INV00010234,S021,P00234,1,1,0,0.0
SC00002360,2025-12-31,INV00012470,S025,P00470,1,1,0,0.0
SC00002361,2025-12-31,INV00005732,S012,P00232,2,2,0,0.0
SC00002362,2025-12-31,INV00004064,S009,P00064,4,4,0,0.0
SC00002363,2025-12-31,INV00010748,S022,P00248,3,3,0,0.0
SC00002364,2025-12-31,INV00003797,S008,P00297,4,4,0,0.0
SC00002365,2025-12-31,INV00008030,S017,P00030,1,1,0,0.0
SC00002366,2025-12-31,INV00005040,S011,P00040,4,4,0,0.0
SC00002367,2025-12-31,INV00007290,S015,P00290,5,5,0,0.0
SC00002368,2025-12-31,INV00000429,S001,P00429,6,6,0,0.0
SC00002369,2025-12-31,INV00011400,S023,P00400,2,2,0,0.0
SC00002370,2025-12-31,INV00000851,S002,P00351,3,3,0,0.0
SC00002371,2025-12-31,INV00013402,S027,P00402,4,4,0,0.0
SC00002372,2025-12-31,INV00001257,S003,P00257,3,3,0,0.0
SC00002373,2025-12-31,INV00011984,S024,P00484,2,2,0,0.0
SC00002374,2025-12-31,INV00008822,S018,P00322,4,4,0,0.0
SC00002375,2025-12-31,INV00008646,S018,P00146,2,2,0,0.0
SC00002376,2025-12-31,INV00003071,S007,P00071,2,2,0,0.0
SC00002377,2025-12-31,INV00014717,S030,P00217,6,6,0,0.0
SC00002378,2025-12-31,INV00006627,S014,P00127,10,10,0,0.0
SC00002379,2025-12-31,INV00003594,S008,P00094,6,6,0,0.0
SC00002380,2025-12-31,INV00013173,S027,P00173,1,1,0,0.0
SC00002381,2025-12-31,INV00005182,S011,P00182,1,1,0,0.0
SC00002382,2025-12-31,INV00005754,S012,P00254,1,1,0,0.0
SC00002383,2025-12-31,INV00002825,S006,P00325,11,11,0,0.0
SC00002384,2025-12-31,INV00006554,S014,P00054,2,2,0,0.0
SC00002385,2025-12-31,INV00014725,S030,P00225,7,7,0,0.0
SC00002386,2025-12-31,INV00007576,S016,P00076,8,8,0,0.0
SC00002387,2025-12-31,INV00000061,S001,P00061,1,1,0,0.0
SC00002388,2025-12-31,INV00002593,S006,P00093,4,4,0,0.0
SC00002389,2025-12-31,INV00012058,S025,P00058,3,3,0,0.0
SC00002390,2025-12-31,INV00012579,S026,P00079,1,1,0,0.0
SC00002391,2025-12-31,INV00000729,S002,P00229,9,9,0,0.0
SC00002392,2025-12-31,INV00014445,S029,P00445,1,1,0,0.0
SC00002393,2025-12-31,INV00008920,S018,P00420,2,2,0,0.0
SC00002394,2025-12-31,INV00002106,S005,P00106,9,9,0,0.0
SC00002395,2025-12-31,INV00003602,S008,P00102,3,3,0,0.0
SC00002396,2025-12-31,INV00009725,S020,P00225,6,6,0,0.0
SC00002397,2025-12-31,INV00014383,S029,P00383,14,14,0,0.0
SC00002398,2025-12-31,INV00008191,S017,P00191,1,1,0,0.0
SC00002399,2025-12-31,INV00014711,S030,P00211,5,5,0,0.0
SC00002400,2025-12-31,INV00003407,S007,P00407,3,3,0,0.0
SC00002401,2025-12-31,INV00010343,S021,P00343,5,5,0,0.0
SC00002402,2025-12-31,INV00014163,S029,P00163,11,11,0,0.0
SC00002403,2025-12-31,INV00006586,S014,P00086,2,2,0,0.0
SC00002404,2025-12-31,INV00005983,S012,P00483,1,1,0,0.0
SC00002405,2025-12-31,INV00011727,S024,P00227,2,2,0,0.0
SC00002406,2025-12-31,INV00007379,S015,P00379,4,4,0,0.0
SC00002407,2025-12-31,INV00012785,S026,P00285,7,7,0,0.0
SC00002408,2025-12-31,INV00008402,S017,P00402,4,4,0,0.0
SC00002409,2025-12-31,INV00003091,S007,P00091,1,1,0,0.0
SC00002410,2025-12-31,INV00003317,S007,P00317,1,1,0,0.0
SC00002411,2025-12-31,INV00007921,S016,P00421,7,7,0,0.0
SC00002412,2025-12-31,INV00010927,S022,P00427,8,8,0,0.0
SC00002413,2025-12-31,INV00014865,S030,P00365,11,11,0,0.0
SC00002414,2025-12-31,INV00009652,S020,P00152,5,5,0,0.0
SC00002415,2025-12-31,INV00007892,S016,P00392,2,2,0,0.0
SC00002416,2025-12-31,INV00002513,S006,P00013,2,2,0,0.0
SC00002417,2025-12-31,INV00001624,S004,P00124,1,1,0,0.0
SC00002418,2025-12-31,INV00001535,S004,P00035,1,1,0,0.0
SC00002419,2025-12-31,INV00010583,S022,P00083,4,4,0,0.0
SC00002420,2025-12-31,INV00006603,S014,P00103,3,3,0,0.0
SC00002421,2025-12-31,INV00004483,S009,P00483,1,1,0,0.0
SC00002422,2025-12-31,INV00007676,S016,P00176,1,1,0,0.0
SC00002423,2025-12-31,INV00000186,S001,P00186,5,5,0,0.0
SC00002424,2025-12-31,INV00013490,S027,P00490,9,9,0,0.0
SC00002425,2025-12-31,INV00014703,S030,P00203,2,2,0,0.0
SC00002426,2025-12-31,INV00008241,S017,P00241,4,4,0,0.0
SC00002427,2025-12-31,INV00001741,S004,P00241,9,9,0,0.0
SC00002428,2025-12-31,INV00000625,S002,P00125,5,5,0,0.0
SC00002429,2025-12-31,INV00012382,S025,P00382,4,4,0,0.0
SC00002430,2025-12-31,INV00000734,S002,P00234,6,6,0,0.0
SC00002431,2025-12-31,INV00003646,S008,P00146,1,1,0,0.0
SC00002432,2025-12-31,INV00004233,S009,P00233,1,1,0,0.0
SC00002433,2025-12-31,INV00001884,S004,P00384,2,2,0,0.0
SC00002434,2025-12-31,INV00008930,S018,P00430,3,3,0,0.0
SC00002435,2025-12-31,INV00000036,S001,P00036,3,3,0,0.0
SC00002436,2025-12-31,INV00000791,S002,P00291,3,3,0,0.0
SC00002437,2025-12-31,INV00005627,S012,P00127,2,2,0,0.0
SC00002438,2025-12-31,INV00004997,S010,P00497,9,9,0,0.0
SC00002439,2025-12-31,INV00000779,S002,P00279,3,3,0,0.0
SC00002440,2025-12-31,INV00011045,S023,P00045,21,21,0,0.0
SC00002441,2025-12-31,INV00011417,S023,P00417,14,14,0,0.0
SC00002442,2025-12-31,INV00009904,S020,P00404,6,6,0,0.0
SC00002443,2025-12-31,INV00001751,S004,P00251,2,2,0,0.0
SC00002444,2025-12-31,INV00014440,S029,P00440,8,8,0,0.0
SC00002445,2025-12-31,INV00006920,S014,P00420,8,8,0,0.0
SC00002446,2025-12-31,INV00012070,S025,P00070,3,3,0,0.0
SC00002447,2025-12-31,INV00004231,S009,P00231,12,12,0,0.0
SC00002448,2025-12-31,INV00010643,S022,P00143,1,1,0,0.0
SC00002449,2025-12-31,INV00013563,S028,P00063,23,24,1,0.0435
SC00002450,2025-12-31,INV00002151,S005,P00151,3,3,0,0.0
SC00002451,2025-12-31,INV00011809,S024,P00309,18,18,0,0.0
SC00002452,2025-12-31,INV00005404,S011,P00404,7,7,0,0.0
SC00002453,2025-12-31,INV00011237,S023,P00237,4,4,0,0.0
SC00002454,2025-12-31,INV00013385,S027,P00385,5,5,0,0.0
SC00002455,2025-12-31,INV00005331,S011,P00331,9,9,0,0.0
SC00002456,2025-12-31,INV00013572,S028,P00072,5,5,0,0.0
SC00002457,2025-12-31,INV00005968,S012,P00468,2,2,0,0.0
SC00002458,2025-12-31,INV00007705,S016,P00205,3,3,0,0.0
SC00002459,2025-12-31,INV00006023,S013,P00023,1,1,0,0.0
SC00002460,2025-12-31,INV00012437,S025,P00437,1,1,0,0.0
SC00002461,2025-12-31,INV00008381,S017,P00381,17,17,0,0.0
SC00002462,2025-12-31,INV00004517,S010,P00017,1,1,0,0.0
SC00002463,2025-12-31,INV00000484,S001,P00484,3,3,0,0.0
SC00002464,2025-12-31,INV00002812,S006,P00312,4,4,0,0.0
SC00002465,2025-12-31,INV00010445,S021,P00445,2,2,0,0.0
SC00002466,2025-12-31,INV00012330,S025,P00330,4,4,0,0.0
SC00002467,2025-12-31,INV00006637,S014,P00137,4,4,0,0.0
SC00002468,2025-12-31,INV00006539,S014,P00039,10,10,0,0.0
SC00002469,2025-12-31,INV00012514,S026,P00014,3,3,0,0.0
SC00002470,2025-12-31,INV00014817,S030,P00317,5,5,0,0.0
SC00002471,2025-12-31,INV00006980,S014,P00480,3,3,0,0.0
SC00002472,2025-12-31,INV00014879,S030,P00379,3,3,0,0.0
SC00002473,2025-12-31,INV00009935,S020,P00435,6,6,0,0.0
SC00002474,2025-12-31,INV00011908,S024,P00408,15,15,0,0.0
SC00002475,2025-12-31,INV00013577,S028,P00077,6,6,0,0.0
SC00002476,2025-12-31,INV00014856,S030,P00356,3,3,0,0.0
SC00002477,2025-12-31,INV00009731,S020,P00231,10,10,0,0.0
SC00002478,2025-12-31,INV00012667,S026,P00167,1,1,0,0.0
SC00002479,2025-12-31,INV00010455,S021,P00455,4,4,0,0.0
SC00002480,2025-12-31,INV00007660,S016,P00160,3,3,0,0.0
SC00002481,2025-12-31,INV00013329,S027,P00329,1,1,0,0.0
SC00002482,2025-12-31,INV00013783,S028,P00283,9,9,0,0.0
SC00002483,2025-12-31,INV00010850,S022,P00350,1,1,0,0.0
SC00002484,2025-12-31,INV00004724,S010,P00224,6,6,0,0.0
SC00002485,2025-12-31,INV00005992,S012,P00492,4,4,0,0.0
SC00002486,2025-12-31,INV00013452,S027,P00452,3,3,0,0.0
SC00002487,2025-12-31,INV00001719,S004,P00219,1,1,0,0.0
SC00002488,2025-12-31,INV00006180,S013,P00180,6,6,0,0.0
SC00002489,2025-12-31,INV00007288,S015,P00288,1,1,0,0.0
SC00002490,2025-12-31,INV00003271,S007,P00271,7,7,0,0.0
SC00002491,2025-12-31,INV00003074,S007,P00074,2,2,0,0.0
SC00002492,2025-12-31,INV00004706,S010,P00206,4,4,0,0.0
SC00002493,2025-12-31,INV00001321,S003,P00321,5,5,0,0.0
SC00002494,2025-12-31,INV00010605,S022,P00105,6,6,0,0.0
SC00002495,2025-12-31,INV00014663,S030,P00163,1,1,0,0.0
SC00002496,2025-12-31,INV00000492,S001,P00492,2,2,0,0.0
SC00002497,2025-12-31,INV00009582,S020,P00082,3,3,0,0.0
SC00002498,2025-12-31,INV00001897,S004,P00397,3,3,0,0.0
SC00002499,2025-12-31,INV00001846,S004,P00346,9,9,0,0.0
SC00002500,2025-12-31,INV00014490,S029,P00490,10,10,0,0.0
SC00002501,2025-12-31,INV00010826,S022,P00326,9,9,0,0.0
SC00002502,2025-12-31,INV00013325,S027,P00325,3,3,0,0.0
SC00002503,2025-12-31,INV00003515,S008,P00015,6,6,0,0.0
SC00002504,2025-12-31,INV00014303,S029,P00303,2,2,0,0.0
SC00002505,2025-12-31,INV00004286,S009,P00286,3,3,0,0.0
SC00002506,2025-12-31,INV00010978,S022,P00478,3,3,0,0.0
SC00002507,2025-12-31,INV00009315,S019,P00315,9,9,0,0.0
SC00002508,2025-12-31,INV00003389,S007,P00389,1,1,0,0.0
SC00002509,2025-12-31,INV00013646,S028,P00146,6,6,0,0.0
SC00002510,2025-12-31,INV00002045,S005,P00045,1,1,0,0.0
SC00002511,2025-12-31,INV00002311,S005,P00311,8,8,0,0.0
SC00002512,2025-12-31,INV00003027,S007,P00027,8,8,0,0.0
SC00002513,2025-12-31,INV00000898,S002,P00398,1,1,0,0.0
SC00002514,2025-12-31,INV00010870,S022,P00370,3,3,0,0.0
SC00002515,2025-12-31,INV00014356,S029,P00356,10,10,0,0.0
SC00002516,2025-12-31,INV00009183,S019,P00183,5,5,0,0.0
SC00002517,2025-12-31,INV00006848,S014,P00348,5,5,0,0.0
SC00002518,2025-12-31,INV00014188,S029,P00188,7,7,0,0.0
SC00002519,2025-12-31,INV00003149,S007,P00149,2,2,0,0.0
SC00002520,2025-12-31,INV00003120,S007,P00120,1,1,0,0.0
SC00002521,2025-12-31,INV00006782,S014,P00282,9,9,0,0.0
SC00002522,2025-12-31,INV00005229,S011,P00229,12,12,0,0.0
SC00002523,2025-12-31,INV00011542,S024,P00042,3,3,0,0.0
SC00002524,2025-12-31,INV00003531,S008,P00031,1,1,0,0.0
SC00002525,2025-12-31,INV00013600,S028,P00100,3,3,0,0.0
SC00002526,2025-12-31,INV00011998,S024,P00498,28,27,-1,-0.0357
SC00002527,2025-12-31,INV00013045,S027,P00045,2,2,0,0.0
SC00002528,2025-12-31,INV00014360,S029,P00360,6,6,0,0.0
SC00002529,2025-12-31,INV00013108,S027,P00108,3,3,0,0.0
SC00002530,2025-12-31,INV00001644,S004,P00144,3,3,0,0.0
SC00002531,2025-12-31,INV00014834,S030,P00334,5,5,0,0.0
SC00002532,2025-12-31,INV00010781,S022,P00281,5,5,0,0.0
SC00002533,2025-12-31,INV00010713,S022,P00213,2,2,0,0.0
SC00002534,2025-12-31,INV00008767,S018,P00267,2,2,0,0.0
SC00002535,2025-12-31,INV00013884,S028,P00384,10,10,0,0.0
SC00002536,2025-12-31,INV00010222,S021,P00222,4,4,0,0.0
SC00002537,2025-12-31,INV00009509,S020,P00009,7,7,0,0.0
SC00002538,2025-12-31,INV00007958,S016,P00458,5,5,0,0.0
SC00002539,2025-12-31,INV00008100,S017,P00100,2,2,0,0.0
SC00002540,2025-12-31,INV00002848,S006,P00348,5,5,0,0.0
SC00002541,2025-12-31,INV00008183,S017,P00183,6,6,0,0.0
SC00002542,2025-12-31,INV00009248,S019,P00248,2,2,0,0.0
SC00002543,2025-12-31,INV00000838,S002,P00338,10,10,0,0.0
SC00002544,2025-12-31,INV00009423,S019,P00423,3,3,0,0.0
SC00002545,2025-12-31,INV00014768,S030,P00268,1,1,0,0.0
SC00002546,2025-12-31,INV00004368,S009,P00368,4,4,0,0.0
SC00002547,2025-12-31,INV00000508,S002,P00008,1,1,0,0.0
SC00002548,2025-12-31,INV00009969,S020,P00469,3,3,0,0.0
SC00002549,2025-12-31,INV00010847,S022,P00347,9,9,0,0.0
SC00002550,2025-12-31,INV00011776,S024,P00276,5,5,0,0.0
SC00002551,2025-12-31,INV00011734,S024,P00234,1,1,0,0.0
SC00002552,2025-12-31,INV00005904,S012,P00404,8,8,0,0.0
SC00002553,2025-12-31,INV00008720,S018,P00220,1,1,0,0.0
SC00002554,2025-12-31,INV00000471,S001,P00471,2,2,0,0.0
SC00002555,2025-12-31,INV00010706,S022,P00206,5,5,0,0.0
SC00002556,2025-12-31,INV00005847,S012,P00347,3,3,0,0.0
SC00002557,2025-12-31,INV00006335,S013,P00335,2,2,0,0.0
SC00002558,2025-12-31,INV00012492,S025,P00492,4,4,0,0.0
SC00002559,2025-12-31,INV00003859,S008,P00359,2,2,0,0.0
SC00002560,2025-12-31,INV00001547,S004,P00047,10,10,0,0.0
SC00002561,2025-12-31,INV00011573,S024,P00073,2,2,0,0.0
SC00002562,2025-12-31,INV00008627,S018,P00127,11,11,0,0.0
SC00002563,2025-12-31,INV00012406,S025,P00406,6,6,0,0.0
SC00002564,2025-12-31,INV00002516,S006,P00016,4,4,0,0.0
SC00002565,2025-12-31,INV00013438,S027,P00438,2,2,0,0.0
SC00002566,2025-12-31,INV00004043,S009,P00043,6,6,0,0.0
SC00002567,2025-12-31,INV00007919,S016,P00419,4,4,0,0.0
SC00002568,2025-12-31,INV00004477,S009,P00477,5,5,0,0.0
SC00002569,2025-12-31,INV00005748,S012,P00248,7,7,0,0.0
SC00002570,2025-12-31,INV00013076,S027,P00076,1,1,0,0.0
SC00002571,2025-12-31,INV00012318,S025,P00318,12,12,0,0.0
SC00002572,2025-12-31,INV00014353,S029,P00353,3,3,0,0.0
SC00002573,2025-12-31,INV00001364,S003,P00364,3,3,0,0.0
SC00002574,2025-12-31,INV00014742,S030,P00242,4,4,0,0.0
SC00002575,2025-12-31,INV00011152,S023,P00152,10,10,0,0.0
SC00002576,2025-12-31,INV00003833,S008,P00333,8,8,0,0.0
SC00002577,2025-12-31,INV00007071,S015,P00071,6,6,0,0.0
SC00002578,2025-12-31,INV00002276,S005,P00276,5,5,0,0.0
SC00002579,2025-12-31,INV00006032,S013,P00032,13,13,0,0.0
SC00002580,2025-12-31,INV00002384,S005,P00384,3,3,0,0.0
SC00002581,2025-12-31,INV00010108,S021,P00108,5,5,0,0.0
SC00002582,2025-12-31,INV00014784,S030,P00284,13,13,0,0.0
SC00002583,2025-12-31,INV00013441,S027,P00441,5,5,0,0.0
SC00002584,2025-12-31,INV00001292,S003,P00292,4,4,0,0.0
SC00002585,2025-12-31,INV00009393,S019,P00393,2,2,0,0.0
SC00002586,2025-12-31,INV00001090,S003,P00090,4,4,0,0.0
SC00002587,2025-12-31,INV00002459,S005,P00459,1,1,0,0.0
SC00002588,2025-12-31,INV00012482,S025,P00482,7,7,0,0.0
SC00002589,2025-12-31,INV00007169,S015,P00169,1,1,0,0.0
SC00002590,2025-12-31,INV00013104,S027,P00104,4,4,0,0.0
SC00002591,2025-12-31,INV00008844,S018,P00344,1,1,0,0.0
SC00002592,2025-12-31,INV00010058,S021,P00058,1,1,0,0.0
SC00002593,2025-12-31,INV00006953,S014,P00453,2,2,0,0.0
SC00002594,2025-12-31,INV00011231,S023,P00231,23,24,1,0.0435
SC00002595,2025-12-31,INV00013973,S028,P00473,9,9,0,0.0
SC00002596,2025-12-31,INV00006610,S014,P00110,3,3,0,0.0
SC00002597,2025-12-31,INV00008245,S017,P00245,2,2,0,0.0
SC00002598,2025-12-31,INV00014001,S029,P00001,4,4,0,0.0
SC00002599,2025-12-31,INV00007813,S016,P00313,3,3,0,0.0
SC00002600,2025-12-31,INV00003114,S007,P00114,5,5,0,0.0
SC00002601,2025-12-31,INV00013185,S027,P00185,10,10,0,0.0
SC00002602,2025-12-31,INV00002437,S005,P00437,7,7,0,0.0
SC00002603,2025-12-31,INV00003923,S008,P00423,5,5,0,0.0
SC00002604,2025-12-31,INV00013093,S027,P00093,4,4,0,0.0
SC00002605,2025-12-31,INV00003964,S008,P00464,4,4,0,0.0
SC00002606,2025-12-31,INV00000284,S001,P00284,12,12,0,0.0
SC00002607,2025-12-31,INV00000355,S001,P00355,2,2,0,0.0
SC00002608,2025-12-31,INV00014906,S030,P00406,3,3,0,0.0
SC00002609,2025-12-31,INV00012040,S025,P00040,7,7,0,0.0
SC00002610,2025-12-31,INV00003098,S007,P00098,10,10,0,0.0
SC00002611,2025-12-31,INV00004013,S009,P00013,4,4,0,0.0
SC00002612,2025-12-31,INV00002753,S006,P00253,4,4,0,0.0
SC00002613,2025-12-31,INV00000385,S001,P00385,4,4,0,0.0
SC00002614,2025-12-31,INV00009339,S019,P00339,5,5,0,0.0
SC00002615,2025-12-31,INV00014181,S029,P00181,7,7,0,0.0
SC00002616,2025-12-31,INV00001611,S004,P00111,7,7,0,0.0
SC00002617,2025-12-31,INV00006663,S014,P00163,19,19,0,0.0
SC00002618,2025-12-31,INV00012069,S025,P00069,6,6,0,0.0
SC00002619,2025-12-31,INV00007825,S016,P00325,4,4,0,0.0
SC00002620,2025-12-31,INV00001588,S004,P00088,13,13,0,0.0
SC00002621,2025-12-31,INV00009445,S019,P00445,1,1,0,0.0
SC00002622,2025-12-31,INV00005604,S012,P00104,3,3,0,0.0
SC00002623,2025-12-31,INV00005190,S011,P00190,1,1,0,0.0
SC00002624,2025-12-31,INV00010865,S022,P00365,3,3,0,0.0
SC00002625,2025-12-31,INV00003479,S007,P00479,1,1,0,0.0
SC00002626,2025-12-31,INV00000531,S002,P00031,3,3,0,0.0
SC00002627,2025-12-31,INV00000353,S001,P00353,7,7,0,0.0
SC00002628,2025-12-31,INV00007225,S015,P00225,1,1,0,0.0
SC00002629,2025-12-31,INV00002634,S006,P00134,4,4,0,0.0
SC00002630,2025-12-31,INV00007089,S015,P00089,9,9,0,0.0
SC00002631,2025-12-31,INV00001608,S004,P00108,3,3,0,0.0
SC00002632,2025-12-31,INV00012560,S026,P00060,4,4,0,0.0
SC00002633,2025-12-31,INV00012101,S025,P00101,8,8,0,0.0
SC00002634,2025-12-31,INV00004661,S010,P00161,3,3,0,0.0
SC00002635,2025-12-31,INV00003785,S008,P00285,5,5,0,0.0
SC00002636,2025-12-31,INV00000151,S001,P00151,17,17,0,0.0
SC00002637,2025-12-31,INV00000077,S001,P00077,6,6,0,0.0
SC00002638,2025-12-31,INV00012552,S026,P00052,1,1,0,0.0
SC00002639,2025-12-31,INV00001278,S003,P00278,3,3,0,0.0
SC00002640,2025-12-31,INV00014328,S029,P00328,8,8,0,0.0
SC00002641,2025-12-31,INV00001622,S004,P00122,9,9,0,0.0
SC00002642,2025-12-31,INV00002640,S006,P00140,3,3,0,0.0
SC00002643,2025-12-31,INV00003811,S008,P00311,6,6,0,0.0
SC00002644,2025-12-31,INV00006986,S014,P00486,3,3,0,0.0
SC00002645,2025-12-31,INV00005352,S011,P00352,3,3,0,0.0
SC00002646,2025-12-31,INV00013167,S027,P00167,1,1,0,0.0
SC00002647,2025-12-31,INV00014437,S029,P00437,7,7,0,0.0
SC00002648,2025-12-31,INV00009334,S019,P00334,6,6,0,0.0
SC00002649,2025-12-31,INV00012315,S025,P00315,5,5,0,0.0
SC00002650,2025-12-31,INV00014965,S030,P00465,7,7,0,0.0
SC00002651,2025-12-31,INV00014295,S029,P00295,4,4,0,0.0
SC00002652,2025-12-31,INV00003739,S008,P00239,10,10,0,0.0
SC00002653,2025-12-31,INV00014651,S030,P00151,5,5,0,0.0
SC00002654,2025-12-31,INV00013454,S027,P00454,8,8,0,0.0
SC00002655,2025-12-31,INV00008919,S018,P00419,9,9,0,0.0
SC00002656,2025-12-31,INV00012118,S025,P00118,1,1,0,0.0
SC00002657,2025-12-31,INV00005451,S011,P00451,2,2,0,0.0
SC00002658,2025-12-31,INV00003279,S007,P00279,1,1,0,0.0
SC00002659,2025-12-31,INV00001934,S004,P00434,5,5,0,0.0
SC00002660,2025-12-31,INV00001352,S003,P00352,3,3,0,0.0
SC00002661,2025-12-31,INV00014308,S029,P00308,3,3,0,0.0
SC00002662,2025-12-31,INV00001191,S003,P00191,7,7,0,0.0
SC00002663,2025-12-31,INV00002774,S006,P00274,1,1,0,0.0
SC00002664,2025-12-31,INV00006779,S014,P00279,10,10,0,0.0
SC00002665,2025-12-31,INV00011537,S024,P00037,3,3,0,0.0
SC00002666,2025-12-31,INV00009274,S019,P00274,2,2,0,0.0
SC00002667,2025-12-31,INV00014014,S029,P00014,15,15,0,0.0
SC00002668,2025-12-31,INV00009906,S020,P00406,5,5,0,0.0
SC00002669,2025-12-31,INV00005862,S012,P00362,5,5,0,0.0
SC00002670,2025-12-31,INV00001126,S003,P00126,5,5,0,0.0
SC00002671,2025-12-31,INV00003710,S008,P00210,2,2,0,0.0
SC00002672,2025-12-31,INV00005697,S012,P00197,7,7,0,0.0
SC00002673,2025-12-31,INV00004144,S009,P00144,6,6,0,0.0
SC00002674,2025-12-31,INV00005301,S011,P00301,9,9,0,0.0
SC00002675,2025-12-31,INV00010720,S022,P00220,4,4,0,0.0
SC00002676,2025-12-31,INV00005001,S011,P00001,10,10,0,0.0
SC00002677,2025-12-31,INV00010527,S022,P00027,2,2,0,0.0
SC00002678,2025-12-31,INV00014732,S030,P00232,7,7,0,0.0
SC00002679,2025-12-31,INV00008741,S018,P00241,8,8,0,0.0
SC00002680,2025-12-31,INV00010323,S021,P00323,6,6,0,0.0
SC00002681,2025-12-31,INV00010731,S022,P00231,5,5,0,0.0
SC00002682,2025-12-31,INV00010123,S021,P00123,2,2,0,0.0
SC00002683,2025-12-31,INV00013556,S028,P00056,7,7,0,0.0
SC00002684,2025-12-31,INV00002492,S005,P00492,6,6,0,0.0
SC00002685,2025-12-31,INV00000754,S002,P00254,3,3,0,0.0
SC00002686,2025-12-31,INV00012474,S025,P00474,1,1,0,0.0
SC00002687,2025-12-31,INV00013874,S028,P00374,4,4,0,0.0
SC00002688,2025-12-31,INV00000687,S002,P00187,2,2,0,0.0
SC00002689,2025-12-31,INV00011348,S023,P00348,2,2,0,0.0
SC00002690,2025-12-31,INV00011744,S024,P00244,3,3,0,0.0
SC00002691,2025-12-31,INV00000787,S002,P00287,1,1,0,0.0
SC00002692,2025-12-31,INV00014309,S029,P00309,2,2,0,0.0
SC00002693,2025-12-31,INV00005797,S012,P00297,3,3,0,0.0
SC00002694,2025-12-31,INV00003606,S008,P00106,1,1,0,0.0
SC00002695,2025-12-31,INV00002503,S006,P00003,23,23,0,0.0
SC00002696,2025-12-31,INV00006336,S013,P00336,3,3,0,0.0
SC00002697,2025-12-31,INV00010187,S021,P00187,3,3,0,0.0
SC00002698,2025-12-31,INV00004677,S010,P00177,5,5,0,0.0
SC00002699,2025-12-31,INV00013471,S027,P00471,5,5,0,0.0
SC00002700,2025-12-31,INV00002836,S006,P00336,2,2,0,0.0
SC00002701,2025-12-31,INV00003904,S008,P00404,1,1,0,0.0
SC00002702,2025-12-31,INV00000268,S001,P00268,12,12,0,0.0
SC00002703,2025-12-31,INV00005197,S011,P00197,2,2,0,0.0
SC00002704,2025-12-31,INV00005307,S011,P00307,2,2,0,0.0
SC00002705,2025-12-31,INV00000552,S002,P00052,6,6,0,0.0
SC00002706,2025-12-31,INV00004652,S010,P00152,1,1,0,0.0
SC00002707,2025-12-31,INV00001613,S004,P00113,1,1,0,0.0
SC00002708,2025-12-31,INV00011935,S024,P00435,3,3,0,0.0
SC00002709,2025-12-31,INV00013976,S028,P00476,4,4,0,0.0
SC00002710,2025-12-31,INV00003031,S007,P00031,4,4,0,0.0
SC00002711,2025-12-31,INV00013943,S028,P00443,9,9,0,0.0
SC00002712,2025-12-31,INV00006629,S014,P00129,12,12,0,0.0
SC00002713,2025-12-31,INV00000324,S001,P00324,6,6,0,0.0
SC00002714,2025-12-31,INV00004950,S010,P00450,3,3,0,0.0
SC00002715,2025-12-31,INV00011791,S024,P00291,2,2,0,0.0
SC00002716,2025-12-31,INV00011821,S024,P00321,1,1,0,0.0
SC00002717,2025-12-31,INV00011032,S023,P00032,4,4,0,0.0
SC00002718,2025-12-31,INV00002074,S005,P00074,6,6,0,0.0
SC00002719,2025-12-31,INV00006763,S014,P00263,2,2,0,0.0
SC00002720,2025-12-31,INV00005545,S012,P00045,5,5,0,0.0
SC00002721,2025-12-31,INV00002622,S006,P00122,7,7,0,0.0
SC00002722,2025-12-31,INV00012927,S026,P00427,5,5,0,0.0
SC00002723,2025-12-31,INV00010151,S021,P00151,6,6,0,0.0
SC00002724,2025-12-31,INV00000089,S001,P00089,1,1,0,0.0
SC00002725,2025-12-31,INV00007329,S015,P00329,7,7,0,0.0
SC00002726,2025-12-31,INV00010858,S022,P00358,7,7,0,0.0
SC00002727,2025-12-31,INV00009400,S019,P00400,2,2,0,0.0
SC00002728,2025-12-31,INV00012726,S026,P00226,7,7,0,0.0
SC00002729,2025-12-31,INV00012046,S025,P00046,8,8,0,0.0
SC00002730,2025-12-31,INV00014920,S030,P00420,7,7,0,0.0
SC00002731,2025-12-31,INV00007240,S015,P00240,1,1,0,0.0
SC00002732,2025-12-31,INV00010067,S021,P00067,8,8,0,0.0
SC00002733,2025-12-31,INV00003924,S008,P00424,9,9,0,0.0
SC00002734,2025-12-31,INV00007816,S016,P00316,4,4,0,0.0
SC00002735,2025-12-31,INV00005106,S011,P00106,3,3,0,0.0
SC00002736,2025-12-31,INV00010761,S022,P00261,3,3,0,0.0
SC00002737,2025-12-31,INV00006947,S014,P00447,1,1,0,0.0
SC00002738,2025-12-31,INV00008986,S018,P00486,1,1,0,0.0
SC00002739,2025-12-31,INV00005652,S012,P00152,1,1,0,0.0
SC00002740,2025-12-31,INV00010071,S021,P00071,2,2,0,0.0
SC00002741,2025-12-31,INV00001109,S003,P00109,3,3,0,0.0
SC00002742,2025-12-31,INV00013214,S027,P00214,6,6,0,0.0
SC00002743,2025-12-31,INV00001288,S003,P00288,7,7,0,0.0
SC00002744,2025-12-31,INV00010270,S021,P00270,5,5,0,0.0
SC00002745,2025-12-31,INV00003127,S007,P00127,9,9,0,0.0
SC00002746,2025-12-31,INV00013607,S028,P00107,4,4,0,0.0
SC00002747,2025-12-31,INV00006863,S014,P00363,7,7,0,0.0
SC00002748,2025-12-31,INV00011019,S023,P00019,3,3,0,0.0
SC00002749,2025-12-31,INV00004984,S010,P00484,3,3,0,0.0
SC00002750,2025-12-31,INV00011323,S023,P00323,6,6,0,0.0
SC00002751,2025-12-31,INV00006850,S014,P00350,1,1,0,0.0
SC00002752,2025-12-31,INV00000699,S002,P00199,7,7,0,0.0
SC00002753,2025-12-31,INV00009611,S020,P00111,3,3,0,0.0
SC00002754,2025-12-31,INV00009196,S019,P00196,3,3,0,0.0
SC00002755,2025-12-31,INV00003221,S007,P00221,2,2,0,0.0
SC00002756,2025-12-31,INV00001651,S004,P00151,3,3,0,0.0
SC00002757,2025-12-31,INV00006029,S013,P00029,3,3,0,0.0
SC00002758,2025-12-31,INV00010301,S021,P00301,6,6,0,0.0
SC00002759,2025-12-31,INV00007013,S015,P00013,3,3,0,0.0
SC00002760,2025-12-31,INV00005188,S011,P00188,5,5,0,0.0
SC00002761,2025-12-31,INV00011353,S023,P00353,1,1,0,0.0
SC00002762,2025-12-31,INV00011167,S023,P00167,2,2,0,0.0
SC00002763,2025-12-31,INV00009083,S019,P00083,19,19,0,0.0
SC00002764,2025-12-31,INV00000785,S002,P00285,1,1,0,0.0
SC00002765,2025-12-31,INV00009925,S020,P00425,1,1,0,0.0
SC00002766,2025-12-31,INV00014391,S029,P00391,14,14,0,0.0
SC00002767,2025-12-31,INV00001088,S003,P00088,7,7,0,0.0
SC00002768,2025-12-31,INV00014702,S030,P00202,2,2,0,0.0
SC00002769,2025-12-31,INV00007514,S016,P00014,4,4,0,0.0
SC00002770,2025-12-31,INV00014351,S029,P00351,2,2,0,0.0
SC00002771,2025-12-31,INV00010558,S022,P00058,6,6,0,0.0
SC00002772,2025-12-31,INV00012575,S026,P00075,11,11,0,0.0
SC00002773,2025-12-31,INV00004447,S009,P00447,1,1,0,0.0
SC00002774,2025-12-31,INV00007556,S016,P00056,1,1,0,0.0
SC00002775,2025-12-31,INV00003326,S007,P00326,1,1,0,0.0
SC00002776,2025-12-31,INV00014086,S029,P00086,3,3,0,0.0
SC00002777,2025-12-31,INV00012237,S025,P00237,19,19,0,0.0
SC00002778,2025-12-31,INV00013302,S027,P00302,1,1,0,0.0
SC00002779,2025-12-31,INV00008935,S018,P00435,3,3,0,0.0
SC00002780,2025-12-31,INV00014231,S029,P00231,1,1,0,0.0
SC00002781,2025-12-31,INV00003185,S007,P00185,5,5,0,0.0
SC00002782,2025-12-31,INV00003620,S008,P00120,7,7,0,0.0
SC00002783,2025-12-31,INV00011845,S024,P00345,3,3,0,0.0
SC00002784,2025-12-31,INV00013952,S028,P00452,6,6,0,0.0
SC00002785,2025-12-31,INV00014166,S029,P00166,4,4,0,0.0
SC00002786,2025-12-31,INV00014189,S029,P00189,4,4,0,0.0
SC00002787,2025-12-31,INV00007817,S016,P00317,3,3,0,0.0
SC00002788,2025-12-31,INV00006883,S014,P00383,5,5,0,0.0
SC00002789,2025-12-31,INV00014985,S030,P00485,4,4,0,0.0
SC00002790,2025-12-31,INV00014519,S030,P00019,3,3,0,0.0
SC00002791,2025-12-31,INV00013055,S027,P00055,3,3,0,0.0
SC00002792,2025-12-31,INV00007197,S015,P00197,9,9,0,0.0
SC00002793,2025-12-31,INV00001882,S004,P00382,6,6,0,0.0
SC00002794,2025-12-31,INV00008727,S018,P00227,7,7,0,0.0
SC00002795,2025-12-31,INV00003367,S007,P00367,4,4,0,0.0
SC00002796,2025-12-31,INV00013280,S027,P00280,2,2,0,0.0
SC00002797,2025-12-31,INV00001995,S004,P00495,3,3,0,0.0
SC00002798,2025-12-31,INV00002780,S006,P00280,8,8,0,0.0
SC00002799,2025-12-31,INV00002581,S006,P00081,1,1,0,0.0
SC00002800,2025-12-31,INV00000110,S001,P00110,1,1,0,0.0
SC00002801,2025-12-31,INV00011007,S023,P00007,4,4,0,0.0
SC00002802,2025-12-31,INV00004000,S008,P00500,5,5,0,0.0
SC00002803,2025-12-31,INV00005260,S011,P00260,4,4,0,0.0
SC00002804,2025-12-31,INV00002999,S006,P00499,11,11,0,0.0
SC00002805,2025-12-31,INV00008397,S017,P00397,6,6,0,0.0
SC00002806,2025-12-31,INV00008648,S018,P00148,3,3,0,0.0
SC00002807,2025-12-31,INV00003107,S007,P00107,1,1,0,0.0
SC00002808,2025-12-31,INV00008581,S018,P00081,3,3,0,0.0
SC00002809,2025-12-31,INV00000644,S002,P00144,2,2,0,0.0
SC00002810,2025-12-31,INV00002240,S005,P00240,3,3,0,0.0
SC00002811,2025-12-31,INV00011944,S024,P00444,2,2,0,0.0
SC00002812,2025-12-31,INV00009175,S019,P00175,3,3,0,0.0
SC00002813,2025-12-31,INV00005446,S011,P00446,4,4,0,0.0
SC00002814,2025-12-31,INV00012651,S026,P00151,10,10,0,0.0
SC00002815,2025-12-31,INV00004549,S010,P00049,4,4,0,0.0
SC00002816,2025-12-31,INV00005933,S012,P00433,13,13,0,0.0
SC00002817,2025-12-31,INV00012953,S026,P00453,4,4,0,0.0
SC00002818,2025-12-31,INV00003156,S007,P00156,6,6,0,0.0
SC00002819,2025-12-31,INV00011583,S024,P00083,3,3,0,0.0
SC00002820,2025-12-31,INV00008472,S017,P00472,6,6,0,0.0
SC00002821,2025-12-31,INV00004534,S010,P00034,2,2,0,0.0
SC00002822,2025-12-31,INV00010491,S021,P00491,3,3,0,0.0
SC00002823,2025-12-31,INV00004248,S009,P00248,1,1,0,0.0
SC00002824,2025-12-31,INV00001578,S004,P00078,3,3,0,0.0
SC00002825,2025-12-31,INV00009048,S019,P00048,3,3,0,0.0
SC00002826,2025-12-31,INV00005691,S012,P00191,2,2,0,0.0
SC00002827,2025-12-31,INV00005751,S012,P00251,1,1,0,0.0
SC00002828,2025-12-31,INV00005235,S011,P00235,11,11,0,0.0
SC00002829,2025-12-31,INV00009197,S019,P00197,5,5,0,0.0
SC00002830,2025-12-31,INV00002137,S005,P00137,12,12,0,0.0
SC00002831,2025-12-31,INV00014066,S029,P00066,10,10,0,0.0
SC00002832,2025-12-31,INV00007437,S015,P00437,2,2,0,0.0
SC00002833,2025-12-31,INV00002180,S005,P00180,3,3,0,0.0
SC00002834,2025-12-31,INV00007933,S016,P00433,3,3,0,0.0
SC00002835,2025-12-31,INV00014775,S030,P00275,2,2,0,0.0
SC00002836,2025-12-31,INV00013007,S027,P00007,8,8,0,0.0
SC00002837,2025-12-31,INV00005252,S011,P00252,3,3,0,0.0
SC00002838,2025-12-31,INV00001696,S004,P00196,5,5,0,0.0
SC00002839,2025-12-31,INV00007103,S015,P00103,9,9,0,0.0
SC00002840,2025-12-31,INV00011392,S023,P00392,8,8,0,0.0
SC00002841,2025-12-31,INV00004250,S009,P00250,6,6,0,0.0
SC00002842,2025-12-31,INV00006884,S014,P00384,7,7,0,0.0
SC00002843,2025-12-31,INV00003933,S008,P00433,4,4,0,0.0
SC00002844,2025-12-31,INV00013072,S027,P00072,3,3,0,0.0
SC00002845,2025-12-31,INV00008665,S018,P00165,1,1,0,0.0
SC00002846,2025-12-31,INV00003250,S007,P00250,2,2,0,0.0
SC00002847,2025-12-31,INV00012200,S025,P00200,2,2,0,0.0
SC00002848,2025-12-31,INV00005582,S012,P00082,4,4,0,0.0
SC00002849,2025-12-31,INV00011349,S023,P00349,2,2,0,0.0
SC00002850,2025-12-31,INV00009662,S020,P00162,2,2,0,0.0
SC00002851,2025-12-31,INV00008768,S018,P00268,14,14,0,0.0
SC00002852,2025-12-31,INV00000961,S002,P00461,5,5,0,0.0
SC00002853,2025-12-31,INV00013084,S027,P00084,13,13,0,0.0
SC00002854,2025-12-31,INV00013774,S028,P00274,15,15,0,0.0
SC00002855,2025-12-31,INV00014302,S029,P00302,1,1,0,0.0
SC00002856,2025-12-31,INV00014209,S029,P00209,6,6,0,0.0
SC00002857,2025-12-31,INV00004527,S010,P00027,5,5,0,0.0
SC00002858,2025-12-31,INV00000360,S001,P00360,3,3,0,0.0
SC00002859,2025-12-31,INV00006891,S014,P00391,7,7,0,0.0
SC00002860,2025-12-31,INV00000701,S002,P00201,3,3,0,0.0
SC00002861,2025-12-31,INV00013428,S027,P00428,6,6,0,0.0
SC00002862,2025-12-31,INV00000920,S002,P00420,3,3,0,0.0
SC00002863,2025-12-31,INV00002446,S005,P00446,1,1,0,0.0
SC00002864,2025-12-31,INV00002291,S005,P00291,5,5,0,0.0
SC00002865,2025-12-31,INV00005045,S011,P00045,13,13,0,0.0
SC00002866,2025-12-31,INV00013885,S028,P00385,6,6,0,0.0
SC00002867,2025-12-31,INV00006276,S013,P00276,1,1,0,0.0
SC00002868,2025-12-31,INV00010177,S021,P00177,5,5,0,0.0
SC00002869,2025-12-31,INV00008967,S018,P00467,6,6,0,0.0
SC00002870,2025-12-31,INV00013677,S028,P00177,6,6,0,0.0
SC00002871,2025-12-31,INV00005199,S011,P00199,4,4,0,0.0
SC00002872,2025-12-31,INV00001367,S003,P00367,4,4,0,0.0
SC00002873,2025-12-31,INV00008462,S017,P00462,7,7,0,0.0
SC00002874,2025-12-31,INV00012948,S026,P00448,1,1,0,0.0
SC00002875,2025-12-31,INV00008816,S018,P00316,7,7,0,0.0
SC00002876,2025-12-31,INV00000258,S001,P00258,3,3,0,0.0
SC00002877,2025-12-31,INV00004363,S009,P00363,5,5,0,0.0
SC00002878,2025-12-31,INV00003576,S008,P00076,6,6,0,0.0
SC00002879,2025-12-31,INV00005298,S011,P00298,2,2,0,0.0
SC00002880,2025-12-31,INV00009473,S019,P00473,1,1,0,0.0
SC00002881,2025-12-31,INV00009167,S019,P00167,10,10,0,0.0
SC00002882,2025-12-31,INV00012485,S025,P00485,4,4,0,0.0
SC00002883,2025-12-31,INV00002533,S006,P00033,1,1,0,0.0
SC00002884,2025-12-31,INV00001945,S004,P00445,1,1,0,0.0
SC00002885,2025-12-31,INV00004691,S010,P00191,3,3,0,0.0
SC00002886,2025-12-31,INV00009367,S019,P00367,2,2,0,0.0
SC00002887,2025-12-31,INV00006617,S014,P00117,2,2,0,0.0
SC00002888,2025-12-31,INV00014548,S030,P00048,1,1,0,0.0
SC00002889,2025-12-31,INV00013753,S028,P00253,2,2,0,0.0
SC00002890,2025-12-31,INV00003093,S007,P00093,1,1,0,0.0
SC00002891,2025-12-31,INV00006123,S013,P00123,1,1,0,0.0
SC00002892,2025-12-31,INV00013456,S027,P00456,7,7,0,0.0
SC00002893,2025-12-31,INV00008669,S018,P00169,4,4,0,0.0
SC00002894,2025-12-31,INV00013985,S028,P00485,8,8,0,0.0
SC00002895,2025-12-31,INV00001857,S004,P00357,1,1,0,0.0
SC00002896,2025-12-31,INV00007117,S015,P00117,1,1,0,0.0
SC00002897,2025-12-31,INV00008734,S018,P00234,16,16,0,0.0
SC00002898,2025-12-31,INV00008209,S017,P00209,5,5,0,0.0
SC00002899,2025-12-31,INV00000733,S002,P00233,9,9,0,0.0
SC00002900,2025-12-31,INV00005232,S011,P00232,5,5,0,0.0
SC00002901,2025-12-31,INV00005283,S011,P00283,1,1,0,0.0
SC00002902,2025-12-31,INV00001331,S003,P00331,1,1,0,0.0
SC00002903,2025-12-31,INV00003265,S007,P00265,8,8,0,0.0
SC00002904,2025-12-31,INV00014196,S029,P00196,5,5,0,0.0
SC00002905,2025-12-31,INV00007300,S015,P00300,2,2,0,0.0
SC00002906,2025-12-31,INV00000755,S002,P00255,1,1,0,0.0
SC00002907,2025-12-31,INV00013448,S027,P00448,2,2,0,0.0
SC00002908,2025-12-31,INV00007691,S016,P00191,2,2,0,0.0
SC00002909,2025-12-31,INV00004586,S010,P00086,6,6,0,0.0
SC00002910,2025-12-31,INV00008878,S018,P00378,1,1,0,0.0
SC00002911,2025-12-31,INV00013035,S027,P00035,1,1,0,0.0
SC00002912,2025-12-31,INV00008257,S017,P00257,3,3,0,0.0
SC00002913,2025-12-31,INV00014726,S030,P00226,4,4,0,0.0
SC00002914,2025-12-31,INV00007620,S016,P00120,4,4,0,0.0
SC00002915,2025-12-31,INV00003649,S008,P00149,9,9,0,0.0
SC00002916,2025-12-31,INV00011207,S023,P00207,1,1,0,0.0
SC00002917,2025-12-31,INV00004827,S010,P00327,6,6,0,0.0
SC00002918,2025-12-31,INV00001973,S004,P00473,3,3,0,0.0
SC00002919,2025-12-31,INV00012249,S025,P00249,4,4,0,0.0
SC00002920,2025-12-31,INV00000931,S002,P00431,6,6,0,0.0
SC00002921,2025-12-31,INV00014745,S030,P00245,3,3,0,0.0
SC00002922,2025-12-31,INV00014140,S029,P00140,6,6,0,0.0
SC00002923,2025-12-31,INV00009892,S020,P00392,2,2,0,0.0
SC00002924,2025-12-31,INV00003421,S007,P00421,1,1,0,0.0
SC00002925,2025-12-31,INV00008296,S017,P00296,6,6,0,0.0
SC00002926,2025-12-31,INV00005517,S012,P00017,1,1,0,0.0
SC00002927,2025-12-31,INV00009097,S019,P00097,6,6,0,0.0
SC00002928,2025-12-31,INV00004673,S010,P00173,3,3,0,0.0
SC00002929,2025-12-31,INV00001271,S003,P00271,4,4,0,0.0
SC00002930,2025-12-31,INV00002160,S005,P00160,1,1,0,0.0
SC00002931,2025-12-31,INV00003341,S007,P00341,6,6,0,0.0
SC00002932,2025-12-31,INV00010224,S021,P00224,9,9,0,0.0
SC00002933,2025-12-31,INV00003440,S007,P00440,5,5,0,0.0
SC00002934,2025-12-31,INV00012126,S025,P00126,6,6,0,0.0
SC00002935,2025-12-31,INV00000489,S001,P00489,2,2,0,0.0
SC00002936,2025-12-31,INV00010885,S022,P00385,7,7,0,0.0
SC00002937,2025-12-31,INV00006282,S013,P00282,9,9,0,0.0
SC00002938,2025-12-31,INV00010555,S022,P00055,4,4,0,0.0
SC00002939,2025-12-31,INV00013232,S027,P00232,2,2,0,0.0
SC00002940,2025-12-31,INV00012072,S025,P00072,4,4,0,0.0
SC00002941,2025-12-31,INV00000537,S002,P00037,1,1,0,0.0
SC00002942,2025-12-31,INV00009300,S019,P00300,4,4,0,0.0
SC00002943,2025-12-31,INV00001619,S004,P00119,11,11,0,0.0
SC00002944,2025-12-31,INV00005873,S012,P00373,3,3,0,0.0
SC00002945,2025-12-31,INV00002555,S006,P00055,8,8,0,0.0
SC00002946,2025-12-31,INV00003117,S007,P00117,13,13,0,0.0
SC00002947,2025-12-31,INV00008923,S018,P00423,3,3,0,0.0
SC00002948,2025-12-31,INV00007017,S015,P00017,9,9,0,0.0
SC00002949,2025-12-31,INV00011012,S023,P00012,4,4,0,0.0
SC00002950,2025-12-31,INV00005881,S012,P00381,5,5,0,0.0
SC00002951,2025-12-31,INV00007536,S016,P00036,4,4,0,0.0
SC00002952,2025-12-31,INV00013083,S027,P00083,15,15,0,0.0
SC00002953,2025-12-31,INV00006448,S013,P00448,4,4,0,0.0
SC00002954,2025-12-31,INV00004764,S010,P00264,16,16,0,0.0
SC00002955,2025-12-31,INV00011199,S023,P00199,9,9,0,0.0
SC00002956,2025-12-31,INV00009198,S019,P00198,8,8,0,0.0
SC00002957,2025-12-31,INV00009129,S019,P00129,12,12,0,0.0
SC00002958,2025-12-31,INV00001188,S003,P00188,6,6,0,0.0
SC00002959,2025-12-31,INV00006864,S014,P00364,5,5,0,0.0
SC00002960,2025-12-31,INV00013769,S028,P00269,7,7,0,0.0
SC00002961,2025-12-31,INV00004745,S010,P00245,8,8,0,0.0
SC00002962,2025-12-31,INV00014806,S030,P00306,3,3,0,0.0
SC00002963,2025-12-31,INV00000156,S001,P00156,3,3,0,0.0
SC00002964,2025-12-31,INV00014165,S029,P00165,4,4,0,0.0
SC00002965,2025-12-31,INV00003240,S007,P00240,5,5,0,0.0
SC00002966,2025-12-31,INV00005028,S011,P00028,2,2,0,0.0
SC00002967,2025-12-31,INV00014944,S030,P00444,1,1,0,0.0
SC00002968,2025-12-31,INV00011907,S024,P00407,4,4,0,0.0
SC00002969,2025-12-31,INV00014685,S030,P00185,3,3,0,0.0
SC00002970,2025-12-31,INV00007350,S015,P00350,1,1,0,0.0
SC00002971,2025-12-31,INV00003134,S007,P00134,4,4,0,0.0
SC00002972,2025-12-31,INV00001756,S004,P00256,14,14,0,0.0
SC00002973,2025-12-31,INV00012177,S025,P00177,3,3,0,0.0
SC00002974,2025-12-31,INV00013499,S027,P00499,2,2,0,0.0
SC00002975,2025-12-31,INV00006804,S014,P00304,5,5,0,0.0
SC00002976,2025-12-31,INV00013975,S028,P00475,4,4,0,0.0
SC00002977,2025-12-31,INV00006642,S014,P00142,6,6,0,0.0
SC00002978,2025-12-31,INV00003289,S007,P00289,5,5,0,0.0
SC00002979,2025-12-31,INV00002349,S005,P00349,2,2,0,0.0
SC00002980,2025-12-31,INV00008622,S018,P00122,12,12,0,0.0
SC00002981,2025-12-31,INV00001716,S004,P00216,4,4,0,0.0
SC00002982,2025-12-31,INV00009188,S019,P00188,7,7,0,0.0
SC00002983,2025-12-31,INV00009942,S020,P00442,2,2,0,0.0
SC00002984,2025-12-31,INV00004614,S010,P00114,3,3,0,0.0
SC00002985,2025-12-31,INV00009221,S019,P00221,1,1,0,0.0
SC00002986,2025-12-31,INV00011564,S024,P00064,4,4,0,0.0
SC00002987,2025-12-31,INV00007233,S015,P00233,8,8,0,0.0
SC00002988,2025-12-31,INV00010461,S021,P00461,5,5,0,0.0
SC00002989,2025-12-31,INV00005813,S012,P00313,12,12,0,0.0
SC00002990,2025-12-31,INV00014257,S029,P00257,2,2,0,0.0
SC00002991,2025-12-31,INV00011985,S024,P00485,3,3,0,0.0
SC00002992,2025-12-31,INV00003420,S007,P00420,7,7,0,0.0
SC00002993,2025-12-31,INV00012662,S026,P00162,1,1,0,0.0
SC00002994,2025-12-31,INV00004541,S010,P00041,9,9,0,0.0
SC00002995,2025-12-31,INV00004902,S010,P00402,1,1,0,0.0
SC00002996,2025-12-31,INV00011499,S023,P00499,4,4,0,0.0
SC00002997,2025-12-31,INV00011617,S024,P00117,9,9,0,0.0
SC00002998,2025-12-31,INV00001978,S004,P00478,1,1,0,0.0
SC00002999,2025-12-31,INV00013154,S027,P00154,5,5,0,0.0
SC00003000,2025-12-31,INV00012881,S026,P00381,2,2,0,0.0
SC00003001,2025-12-31,INV00010696,S022,P00196,5,5,0,0.0
SC00003002,2025-12-31,INV00006905,S014,P00405,4,4,0,0.0
SC00003003,2025-12-31,INV00014245,S029,P00245,1,1,0,0.0
SC00003004,2025-12-31,INV00010575,S022,P00075,13,13,0,0.0
SC00003005,2025-12-31,INV00001551,S004,P00051,6,6,0,0.0
SC00003006,2025-12-31,INV00002863,S006,P00363,3,3,0,0.0
SC00003007,2025-12-31,INV00000315,S001,P00315,1,1,0,0.0
SC00003008,2025-12-31,INV00000141,S001,P00141,1,1,0,0.0
SC00003009,2025-12-31,INV00011699,S024,P00199,4,4,0,0.0
SC00003010,2025-12-31,INV00002507,S006,P00007,1,1,0,0.0
SC00003011,2025-12-31,INV00005208,S011,P00208,6,6,0,0.0
SC00003012,2025-12-31,INV00000458,S001,P00458,1,1,0,0.0
SC00003013,2025-12-31,INV00004174,S009,P00174,1,1,0,0.0
SC00003014,2025-12-31,INV00012409,S025,P00409,13,13,0,0.0
SC00003015,2025-12-31,INV00001336,S003,P00336,8,8,0,0.0
SC00003016,2025-12-31,INV00011444,S023,P00444,12,12,0,0.0
SC00003017,2025-12-31,INV00013714,S028,P00214,6,6,0,0.0
SC00003018,2025-12-31,INV00010206,S021,P00206,1,1,0,0.0
SC00003019,2025-12-31,INV00001340,S003,P00340,20,20,0,0.0
SC00003020,2025-12-31,INV00010199,S021,P00199,6,6,0,0.0
SC00003021,2025-12-31,INV00009056,S019,P00056,2,2,0,0.0
SC00003022,2025-12-31,INV00012587,S026,P00087,7,7,0,0.0
SC00003023,2025-12-31,INV00010698,S022,P00198,13,13,0,0.0
SC00003024,2025-12-31,INV00005969,S012,P00469,9,9,0,0.0
SC00003025,2025-12-31,INV00013111,S027,P00111,2,2,0,0.0
SC00003026,2025-12-31,INV00000688,S002,P00188,1,1,0,0.0
SC00003027,2025-12-31,INV00001004,S003,P00004,5,5,0,0.0
SC00003028,2025-12-31,INV00006818,S014,P00318,3,3,0,0.0
SC00003029,2025-12-31,INV00008880,S018,P00380,7,7,0,0.0
SC00003030,2025-12-31,INV00006237,S013,P00237,10,10,0,0.0
SC00003031,2025-12-31,INV00006445,S013,P00445,1,1,0,0.0
SC00003032,2025-12-31,INV00003299,S007,P00299,2,2,0,0.0
SC00003033,2025-12-31,INV00001092,S003,P00092,4,4,0,0.0
SC00003034,2025-12-31,INV00007185,S015,P00185,3,3,0,0.0
SC00003035,2025-12-31,INV00014344,S029,P00344,3,3,0,0.0
SC00003036,2025-12-31,INV00005441,S011,P00441,13,13,0,0.0
SC00003037,2025-12-31,INV00013275,S027,P00275,2,2,0,0.0
SC00003038,2025-12-31,INV00014010,S029,P00010,7,7,0,0.0
SC00003039,2025-12-31,INV00004012,S009,P00012,3,3,0,0.0
SC00003040,2025-12-31,INV00014810,S030,P00310,3,3,0,0.0
SC00003041,2025-12-31,INV00006349,S013,P00349,5,5,0,0.0
SC00003042,2025-12-31,INV00007483,S015,P00483,29,28,-1,-0.0345
SC00003043,2025-12-31,INV00011965,S024,P00465,5,5,0,0.0
SC00003044,2025-12-31,INV00012972,S026,P00472,26,27,1,0.0385
SC00003045,2025-12-31,INV00002015,S005,P00015,1,1,0,0.0
SC00003046,2025-12-31,INV00014078,S029,P00078,3,3,0,0.0
SC00003047,2025-12-31,INV00010542,S022,P00042,7,7,0,0.0
SC00003048,2025-12-31,INV00005889,S012,P00389,4,4,0,0.0
SC00003049,2025-12-31,INV00013261,S027,P00261,4,4,0,0.0
SC00003050,2025-12-31,INV00005501,S012,P00001,10,10,0,0.0
SC00003051,2025-12-31,INV00013375,S027,P00375,3,3,0,0.0
SC00003052,2025-12-31,INV00002506,S006,P00006,4,4,0,0.0
SC00003053,2025-12-31,INV00010131,S021,P00131,7,7,0,0.0
SC00003054,2025-12-31,INV00006990,S014,P00490,16,16,0,0.0
SC00003055,2025-12-31,INV00003722,S008,P00222,10,10,0,0.0
SC00003056,2025-12-31,INV00007012,S015,P00012,5,5,0,0.0
SC00003057,2025-12-31,INV00001390,S003,P00390,2,2,0,0.0
SC00003058,2025-12-31,INV00012509,S026,P00009,4,4,0,0.0
SC00003059,2025-12-31,INV00000987,S002,P00487,4,4,0,0.0
SC00003060,2025-12-31,INV00012347,S025,P00347,3,3,0,0.0
SC00003061,2025-12-31,INV00005393,S011,P00393,8,8,0,0.0
SC00003062,2025-12-31,INV00000187,S001,P00187,1,1,0,0.0
SC00003063,2025-12-31,INV00004359,S009,P00359,2,2,0,0.0
SC00003064,2025-12-31,INV00009625,S020,P00125,8,8,0,0.0
SC00003065,2025-12-31,INV00013654,S028,P00154,8,8,0,0.0
SC00003066,2025-12-31,INV00007299,S015,P00299,2,2,0,0.0
SC00003067,2025-12-31,INV00003698,S008,P00198,3,3,0,0.0
SC00003068,2025-12-31,INV00004269,S009,P00269,7,7,0,0.0
SC00003069,2025-12-31,INV00000203,S001,P00203,5,5,0,0.0
SC00003070,2025-12-31,INV00008866,S018,P00366,7,7,0,0.0
SC00003071,2025-12-31,INV00004597,S010,P00097,7,7,0,0.0
SC00003072,2025-12-31,INV00011735,S024,P00235,4,4,0,0.0
SC00003073,2025-12-31,INV00004123,S009,P00123,7,7,0,0.0
SC00003074,2025-12-31,INV00004854,S010,P00354,6,6,0,0.0
SC00003075,2025-12-31,INV00014661,S030,P00161,6,6,0,0.0
SC00003076,2025-12-31,INV00005250,S011,P00250,6,6,0,0.0
SC00003077,2025-12-31,INV00006380,S013,P00380,6,6,0,0.0
SC00003078,2025-12-31,INV00006650,S014,P00150,3,3,0,0.0
SC00003079,2025-12-31,INV00006832,S014,P00332,6,6,0,0.0
SC00003080,2025-12-31,INV00006755,S014,P00255,3,3,0,0.0
SC00003081,2025-12-31,INV00001313,S003,P00313,16,16,0,0.0
SC00003082,2025-12-31,INV00007428,S015,P00428,7,7,0,0.0
SC00003083,2025-12-31,INV00004285,S009,P00285,18,18,0,0.0
SC00003084,2025-12-31,INV00009738,S020,P00238,2,2,0,0.0
SC00003085,2025-12-31,INV00000668,S002,P00168,2,2,0,0.0
SC00003086,2025-12-31,INV00004582,S010,P00082,1,1,0,0.0
SC00003087,2025-12-31,INV00003621,S008,P00121,3,3,0,0.0
SC00003088,2025-12-31,INV00005215,S011,P00215,4,4,0,0.0
SC00003089,2025-12-31,INV00011341,S023,P00341,3,3,0,0.0
SC00003090,2025-12-31,INV00007736,S016,P00236,3,3,0,0.0
SC00003091,2025-12-31,INV00007227,S015,P00227,3,3,0,0.0
SC00003092,2025-12-31,INV00013078,S027,P00078,1,1,0,0.0
SC00003093,2025-12-31,INV00002856,S006,P00356,4,4,0,0.0
SC00003094,2025-12-31,INV00000166,S001,P00166,3,3,0,0.0
SC00003095,2025-12-31,INV00000280,S001,P00280,2,2,0,0.0
SC00003096,2025-12-31,INV00005247,S011,P00247,2,2,0,0.0
SC00003097,2025-12-31,INV00005812,S012,P00312,9,9,0,0.0
SC00003098,2025-12-31,INV00001064,S003,P00064,15,15,0,0.0
SC00003099,2025-12-31,INV00013744,S028,P00244,6,6,0,0.0
SC00003100,2025-12-31,INV00003732,S008,P00232,3,3,0,0.0
SC00003101,2025-12-31,INV00000444,S001,P00444,4,4,0,0.0
SC00003102,2025-12-31,INV00008632,S018,P00132,6,6,0,0.0
SC00003103,2025-12-31,INV00014514,S030,P00014,1,1,0,0.0
SC00003104,2025-12-31,INV00010501,S022,P00001,2,2,0,0.0
SC00003105,2025-12-31,INV00003571,S008,P00071,1,1,0,0.0
SC00003106,2025-12-31,INV00012669,S026,P00169,5,5,0,0.0
SC00003107,2025-12-31,INV00001812,S004,P00312,7,7,0,0.0
SC00003108,2025-12-31,INV00010253,S021,P00253,3,3,0,0.0
SC00003109,2025-12-31,INV00000985,S002,P00485,2,2,0,0.0
SC00003110,2025-12-31,INV00010268,S021,P00268,5,5,0,0.0
SC00003111,2025-12-31,INV00004369,S009,P00369,7,7,0,0.0
SC00003112,2025-12-31,INV00006924,S014,P00424,1,1,0,0.0
SC00003113,2025-12-31,INV00013025,S027,P00025,5,5,0,0.0
SC00003114,2025-12-31,INV00003099,S007,P00099,5,5,0,0.0
SC00003115,2025-12-31,INV00010993,S022,P00493,6,6,0,0.0
SC00003116,2025-12-31,INV00002712,S006,P00212,2,2,0,0.0
SC00003117,2025-12-31,INV00014776,S030,P00276,5,5,0,0.0
SC00003118,2025-12-31,INV00003132,S007,P00132,9,9,0,0.0
SC00003119,2025-12-31,INV00003398,S007,P00398,3,3,0,0.0
SC00003120,2025-12-31,INV00002363,S005,P00363,1,1,0,0.0
SC00003121,2025-12-31,INV00009272,S019,P00272,1,1,0,0.0
SC00003122,2025-12-31,INV00001777,S004,P00277,13,13,0,0.0
SC00003123,2025-12-31,INV00006431,S013,P00431,5,5,0,0.0
SC00003124,2025-12-31,INV00010373,S021,P00373,1,1,0,0.0
SC00003125,2025-12-31,INV00014668,S030,P00168,9,9,0,0.0
SC00003126,2025-12-31,INV00011945,S024,P00445,3,3,0,0.0
SC00003127,2025-12-31,INV00003678,S008,P00178,2,2,0,0.0
SC00003128,2025-12-31,INV00008837,S018,P00337,7,7,0,0.0
SC00003129,2025-12-31,INV00013006,S027,P00006,5,5,0,0.0
SC00003130,2025-12-31,INV00003559,S008,P00059,1,1,0,0.0
SC00003131,2025-12-31,INV00009877,S020,P00377,8,8,0,0.0
SC00003132,2025-12-31,INV00009966,S020,P00466,10,10,0,0.0
SC00003133,2025-12-31,INV00002618,S006,P00118,1,1,0,0.0
SC00003134,2025-12-31,INV00010663,S022,P00163,3,3,0,0.0
SC00003135,2025-12-31,INV00005212,S011,P00212,6,6,0,0.0
SC00003136,2025-12-31,INV00002828,S006,P00328,8,8,0,0.0
SC00003137,2025-12-31,INV00008125,S017,P00125,3,3,0,0.0
SC00003138,2025-12-31,INV00001283,S003,P00283,3,3,0,0.0
SC00003139,2025-12-31,INV00003259,S007,P00259,11,11,0,0.0
SC00003140,2025-12-31,INV00014772,S030,P00272,2,2,0,0.0
SC00003141,2025-12-31,INV00003640,S008,P00140,1,1,0,0.0
SC00003142,2025-12-31,INV00003900,S008,P00400,3,3,0,0.0
SC00003143,2025-12-31,INV00004815,S010,P00315,9,9,0,0.0
SC00003144,2025-12-31,INV00009539,S020,P00039,5,5,0,0.0
SC00003145,2025-12-31,INV00007853,S016,P00353,4,4,0,0.0
SC00003146,2025-12-31,INV00000948,S002,P00448,3,3,0,0.0
SC00003147,2025-12-31,INV00010664,S022,P00164,2,2,0,0.0
SC00003148,2025-12-31,INV00012086,S025,P00086,1,1,0,0.0
SC00003149,2025-12-31,INV00008531,S018,P00031,1,1,0,0.0
SC00003150,2025-12-31,INV00006868,S014,P00368,3,3,0,0.0
SC00003151,2025-12-31,INV00001753,S004,P00253,8,8,0,0.0
SC00003152,2025-12-31,INV00000727,S002,P00227,1,1,0,0.0
SC00003153,2025-12-31,INV00006163,S013,P00163,7,7,0,0.0
SC00003154,2025-12-31,INV00010303,S021,P00303,3,3,0,0.0
SC00003155,2025-12-31,INV00006350,S013,P00350,2,2,0,0.0
SC00003156,2025-12-31,INV00001889,S004,P00389,4,4,0,0.0
SC00003157,2025-12-31,INV00007909,S016,P00409,2,2,0,0.0
SC00003158,2025-12-31,INV00000298,S001,P00298,9,9,0,0.0
SC00003159,2025-12-31,INV00007210,S015,P00210,3,3,0,0.0
SC00003160,2025-12-31,INV00012259,S025,P00259,1,1,0,0.0
SC00003161,2025-12-31,INV00008008,S017,P00008,3,3,0,0.0
SC00003162,2025-12-31,INV00009127,S019,P00127,8,8,0,0.0
SC00003163,2025-12-31,INV00008603,S018,P00103,7,7,0,0.0
SC00003164,2025-12-31,INV00008066,S017,P00066,6,6,0,0.0
SC00003165,2025-12-31,INV00000307,S001,P00307,1,1,0,0.0
SC00003166,2025-12-31,INV00001828,S004,P00328,3,3,0,0.0
SC00003167,2025-12-31,INV00008778,S018,P00278,4,4,0,0.0
SC00003168,2025-12-31,INV00012819,S026,P00319,1,1,0,0.0
SC00003169,2025-12-31,INV00005349,S011,P00349,2,2,0,0.0
SC00003170,2025-12-31,INV00002453,S005,P00453,2,2,0,0.0
SC00003171,2025-12-31,INV00012621,S026,P00121,4,4,0,0.0
SC00003172,2025-12-31,INV00004330,S009,P00330,8,8,0,0.0
SC00003173,2025-12-31,INV00000196,S001,P00196,5,5,0,0.0
SC00003174,2025-12-31,INV00007465,S015,P00465,6,6,0,0.0
SC00003175,2025-12-31,INV00014461,S029,P00461,2,2,0,0.0
SC00003176,2025-12-31,INV00004486,S009,P00486,2,2,0,0.0
SC00003177,2025-12-31,INV00007487,S015,P00487,4,4,0,0.0
SC00003178,2025-12-31,INV00012230,S025,P00230,2,2,0,0.0
SC00003179,2025-12-31,INV00011327,S023,P00327,4,4,0,0.0
SC00003180,2025-12-31,INV00010807,S022,P00307,3,3,0,0.0
SC00003181,2025-12-31,INV00002559,S006,P00059,1,1,0,0.0
SC00003182,2025-12-31,INV00000466,S001,P00466,6,6,0,0.0
SC00003183,2025-12-31,INV00007311,S015,P00311,3,3,0,0.0
SC00003184,2025-12-31,INV00012549,S026,P00049,3,3,0,0.0
SC00003185,2025-12-31,INV00013152,S027,P00152,12,12,0,0.0
SC00003186,2025-12-31,INV00011619,S024,P00119,4,4,0,0.0
SC00003187,2025-12-31,INV00003086,S007,P00086,4,4,0,0.0
SC00003188,2025-12-31,INV00012066,S025,P00066,6,6,0,0.0
SC00003189,2025-12-31,INV00010085,S021,P00085,6,6,0,0.0
SC00003190,2025-12-31,INV00000497,S001,P00497,7,7,0,0.0
SC00003191,2025-12-31,INV00011559,S024,P00059,4,4,0,0.0
SC00003192,2025-12-31,INV00013092,S027,P00092,3,3,0,0.0
SC00003193,2025-12-31,INV00008379,S017,P00379,5,5,0,0.0
SC00003194,2025-12-31,INV00005851,S012,P00351,1,1,0,0.0
SC00003195,2025-12-31,INV00003741,S008,P00241,1,1,0,0.0
SC00003196,2025-12-31,INV00004954,S010,P00454,1,1,0,0.0
SC00003197,2025-12-31,INV00011761,S024,P00261,9,9,0,0.0
SC00003198,2025-12-31,INV00012354,S025,P00354,6,6,0,0.0
SC00003199,2025-12-31,INV00010670,S022,P00170,10,10,0,0.0
SC00003200,2025-12-31,INV00011401,S023,P00401,6,6,0,0.0
SC00003201,2025-12-31,INV00007018,S015,P00018,5,5,0,0.0
SC00003202,2025-12-31,INV00006999,S014,P00499,1,1,0,0.0
SC00003203,2025-12-31,INV00003391,S007,P00391,1,1,0,0.0
SC00003204,2025-12-31,INV00005425,S011,P00425,15,15,0,0.0
SC00003205,2025-12-31,INV00005948,S012,P00448,1,1,0,0.0
SC00003206,2025-12-31,INV00011682,S024,P00182,1,1,0,0.0
SC00003207,2025-12-31,INV00000534,S002,P00034,3,3,0,0.0
SC00003208,2025-12-31,INV00005004,S011,P00004,4,4,0,0.0
SC00003209,2025-12-31,INV00003618,S008,P00118,9,9,0,0.0
SC00003210,2025-12-31,INV00007706,S016,P00206,5,5,0,0.0
SC00003211,2025-12-31,INV00002388,S005,P00388,4,4,0,0.0
SC00003212,2025-12-31,INV00001325,S003,P00325,7,7,0,0.0
SC00003213,2025-12-31,INV00007280,S015,P00280,20,20,0,0.0
SC00003214,2025-12-31,INV00008216,S017,P00216,3,3,0,0.0
SC00003215,2025-12-31,INV00011877,S024,P00377,1,1,0,0.0
SC00003216,2025-12-31,INV00003262,S007,P00262,3,3,0,0.0
SC00003217,2025-12-31,INV00014837,S030,P00337,2,2,0,0.0
SC00003218,2025-12-31,INV00014630,S030,P00130,6,6,0,0.0
SC00003219,2025-12-31,INV00005608,S012,P00108,10,10,0,0.0
SC00003220,2025-12-31,INV00008206,S017,P00206,3,3,0,0.0
SC00003221,2025-12-31,INV00002206,S005,P00206,4,4,0,0.0
SC00003222,2025-12-31,INV00002800,S006,P00300,5,5,0,0.0
SC00003223,2025-12-31,INV00004923,S010,P00423,3,3,0,0.0
SC00003224,2025-12-31,INV00014539,S030,P00039,1,1,0,0.0
SC00003225,2025-12-31,INV00014124,S029,P00124,4,4,0,0.0
SC00003226,2025-12-31,INV00013426,S027,P00426,3,3,0,0.0
SC00003227,2025-12-31,INV00012179,S025,P00179,9,9,0,0.0
SC00003228,2025-12-31,INV00003491,S007,P00491,2,2,0,0.0
SC00003229,2025-12-31,INV00011520,S024,P00020,8,8,0,0.0
SC00003230,2025-12-31,INV00006356,S013,P00356,1,1,0,0.0
SC00003231,2025-12-31,INV00006311,S013,P00311,1,1,0,0.0
SC00003232,2025-12-31,INV00013592,S028,P00092,9,9,0,0.0
SC00003233,2025-12-31,INV00007610,S016,P00110,5,5,0,0.0
SC00003234,2025-12-31,INV00000097,S001,P00097,3,3,0,0.0
SC00003235,2025-12-31,INV00002888,S006,P00388,2,2,0,0.0
SC00003236,2025-12-31,INV00001465,S003,P00465,10,10,0,0.0
SC00003237,2025-12-31,INV00009218,S019,P00218,1,1,0,0.0
SC00003238,2025-12-31,INV00003567,S008,P00067,3,3,0,0.0
SC00003239,2025-12-31,INV00014605,S030,P00105,5,5,0,0.0
SC00003240,2025-12-31,INV00002782,S006,P00282,10,10,0,0.0
SC00003241,2025-12-31,INV00014536,S030,P00036,6,6,0,0.0
SC00003242,2025-12-31,INV00008938,S018,P00438,4,4,0,0.0
SC00003243,2025-12-31,INV00012138,S025,P00138,3,3,0,0.0
SC00003244,2025-12-31,INV00010572,S022,P00072,9,9,0,0.0
SC00003245,2025-12-31,INV00001003,S003,P00003,16,16,0,0.0
SC00003246,2025-12-31,INV00006204,S013,P00204,2,2,0,0.0
SC00003247,2025-12-31,INV00002243,S005,P00243,3,3,0,0.0
SC00003248,2025-12-31,INV00000073,S001,P00073,4,4,0,0.0
SC00003249,2025-12-31,INV00005023,S011,P00023,2,2,0,0.0
SC00003250,2025-12-31,INV00008484,S017,P00484,1,1,0,0.0
SC00003251,2025-12-31,INV00003885,S008,P00385,14,14,0,0.0
SC00003252,2025-12-31,INV00007704,S016,P00204,5,5,0,0.0
SC00003253,2025-12-31,INV00011061,S023,P00061,8,8,0,0.0
SC00003254,2025-12-31,INV00011307,S023,P00307,3,3,0,0.0
SC00003255,2025-12-31,INV00013668,S028,P00168,4,4,0,0.0
SC00003256,2025-12-31,INV00012857,S026,P00357,1,1,0,0.0
SC00003257,2025-12-31,INV00004471,S009,P00471,1,1,0,0.0
SC00003258,2025-12-31,INV00002515,S006,P00015,5,5,0,0.0
SC00003259,2025-12-31,INV00012242,S025,P00242,3,3,0,0.0
SC00003260,2025-12-31,INV00004680,S010,P00180,3,3,0,0.0
SC00003261,2025-12-31,INV00006576,S014,P00076,2,2,0,0.0
SC00003262,2025-12-31,INV00012140,S025,P00140,6,6,0,0.0
SC00003263,2025-12-31,INV00006687,S014,P00187,1,1,0,0.0
SC00003264,2025-12-31,INV00004212,S009,P00212,15,15,0,0.0
SC00003265,2025-12-31,INV00006498,S013,P00498,2,2,0,0.0
SC00003266,2025-12-31,INV00008939,S018,P00439,5,5,0,0.0
SC00003267,2025-12-31,INV00000230,S001,P00230,3,3,0,0.0
SC00003268,2025-12-31,INV00011478,S023,P00478,4,4,0,0.0
SC00003269,2025-12-31,INV00014499,S029,P00499,3,3,0,0.0
SC00003270,2025-12-31,INV00012617,S026,P00117,1,1,0,0.0
SC00003271,2025-12-31,INV00009117,S019,P00117,2,2,0,0.0
SC00003272,2025-12-31,INV00006467,S013,P00467,1,1,0,0.0
SC00003273,2025-12-31,INV00010921,S022,P00421,4,4,0,0.0
SC00003274,2025-12-31,INV00004305,S009,P00305,17,17,0,0.0
SC00003275,2025-12-31,INV00003193,S007,P00193,2,2,0,0.0
SC00003276,2025-12-31,INV00002409,S005,P00409,7,7,0,0.0
SC00003277,2025-12-31,INV00006153,S013,P00153,2,2,0,0.0
SC00003278,2025-12-31,INV00008813,S018,P00313,5,5,0,0.0
SC00003279,2025-12-31,INV00014242,S029,P00242,5,5,0,0.0
SC00003280,2025-12-31,INV00010567,S022,P00067,2,2,0,0.0
SC00003281,2025-12-31,INV00000723,S002,P00223,5,5,0,0.0
SC00003282,2025-12-31,INV00005634,S012,P00134,5,5,0,0.0
SC00003283,2025-12-31,INV00003511,S008,P00011,6,6,0,0.0
SC00003284,2025-12-31,INV00006434,S013,P00434,6,6,0,0.0
SC00003285,2025-12-31,INV00004397,S009,P00397,8,8,0,0.0
SC00003286,2025-12-31,INV00000263,S001,P00263,1,1,0,0.0
SC00003287,2025-12-31,INV00004649,S010,P00149,3,3,0,0.0
SC00003288,2025-12-31,INV00005173,S011,P00173,3,3,0,0.0
SC00003289,2025-12-31,INV00001656,S004,P00156,1,1,0,0.0
SC00003290,2025-12-31,INV00009489,S019,P00489,2,2,0,0.0
SC00003291,2025-12-31,INV00009220,S019,P00220,8,8,0,0.0
SC00003292,2025-12-31,INV00008086,S017,P00086,1,1,0,0.0
SC00003293,2025-12-31,INV00011830,S024,P00330,1,1,0,0.0
SC00003294,2025-12-31,INV00000282,S001,P00282,7,7,0,0.0
SC00003295,2025-12-31,INV00006799,S014,P00299,4,4,0,0.0
SC00003296,2025-12-31,INV00006741,S014,P00241,1,1,0,0.0
SC00003297,2025-12-31,INV00011459,S023,P00459,1,1,0,0.0
SC00003298,2025-12-31,INV00003931,S008,P00431,9,9,0,0.0
SC00003299,2025-12-31,INV00013422,S027,P00422,4,4,0,0.0
SC00003300,2025-12-31,INV00011523,S024,P00023,2,2,0,0.0
SC00003301,2025-12-31,INV00005764,S012,P00264,2,2,0,0.0
SC00003302,2025-12-31,INV00012804,S026,P00304,8,8,0,0.0
SC00003303,2025-12-31,INV00002284,S005,P00284,3,3,0,0.0
SC00003304,2025-12-31,INV00009184,S019,P00184,2,2,0,0.0
SC00003305,2025-12-31,INV00008439,S017,P00439,3,3,0,0.0
SC00003306,2025-12-31,INV00005351,S011,P00351,3,3,0,0.0
SC00003307,2025-12-31,INV00013546,S028,P00046,7,7,0,0.0
SC00003308,2025-12-31,INV00004731,S010,P00231,5,5,0,0.0
SC00003309,2025-12-31,INV00010028,S021,P00028,16,16,0,0.0
SC00003310,2025-12-31,INV00010540,S022,P00040,2,2,0,0.0
SC00003311,2025-12-31,INV00014558,S030,P00058,4,4,0,0.0
SC00003312,2025-12-31,INV00012757,S026,P00257,3,3,0,0.0
SC00003313,2025-12-31,INV00007091,S015,P00091,8,8,0,0.0
SC00003314,2025-12-31,INV00012050,S025,P00050,1,1,0,0.0
SC00003315,2025-12-31,INV00000160,S001,P00160,9,9,0,0.0
SC00003316,2025-12-31,INV00000678,S002,P00178,1,1,0,0.0
SC00003317,2025-12-31,INV00013599,S028,P00099,15,15,0,0.0
SC00003318,2025-12-31,INV00004468,S009,P00468,4,4,0,0.0
SC00003319,2025-12-31,INV00004464,S009,P00464,6,6,0,0.0
SC00003320,2025-12-31,INV00001820,S004,P00320,1,1,0,0.0
SC00003321,2025-12-31,INV00000112,S001,P00112,4,4,0,0.0
SC00003322,2025-12-31,INV00004749,S010,P00249,2,2,0,0.0
SC00003323,2025-12-31,INV00004777,S010,P00277,3,3,0,0.0
SC00003324,2025-12-31,INV00001737,S004,P00237,4,4,0,0.0
SC00003325,2025-12-31,INV00011790,S024,P00290,2,2,0,0.0
SC00003326,2025-12-31,INV00004249,S009,P00249,1,1,0,0.0
SC00003327,2025-12-31,INV00004230,S009,P00230,3,3,0,0.0
SC00003328,2025-12-31,INV00014159,S029,P00159,5,5,0,0.0
SC00003329,2025-12-31,INV00013144,S027,P00144,6,6,0,0.0
SC00003330,2025-12-31,INV00000731,S002,P00231,6,6,0,0.0
SC00003331,2025-12-31,INV00004927,S010,P00427,10,10,0,0.0
SC00003332,2025-12-31,INV00005363,S011,P00363,3,3,0,0.0
SC00003333,2025-12-31,INV00009899,S020,P00399,2,2,0,0.0
SC00003334,2025-12-31,INV00009084,S019,P00084,3,3,0,0.0
SC00003335,2025-12-31,INV00003371,S007,P00371,6,6,0,0.0
SC00003336,2025-12-31,INV00000363,S001,P00363,5,5,0,0.0
SC00003337,2025-12-31,INV00012801,S026,P00301,10,10,0,0.0
SC00003338,2025-12-31,INV00004350,S009,P00350,8,8,0,0.0
SC00003339,2025-12-31,INV00013495,S027,P00495,2,2,0,0.0
SC00003340,2025-12-31,INV00011688,S024,P00188,3,3,0,0.0
SC00003341,2025-12-31,INV00012026,S025,P00026,6,6,0,0.0
SC00003342,2025-12-31,INV00008436,S017,P00436,4,4,0,0.0
SC00003343,2025-12-31,INV00011396,S023,P00396,2,2,0,0.0
SC00003344,2025-12-31,INV00014036,S029,P00036,3,3,0,0.0
SC00003345,2025-12-31,INV00001675,S004,P00175,4,4,0,0.0
SC00003346,2025-12-31,INV00005910,S012,P00410,5,5,0,0.0
SC00003347,2025-12-31,INV00005504,S012,P00004,3,3,0,0.0
SC00003348,2025-12-31,INV00001661,S004,P00161,8,8,0,0.0
SC00003349,2025-12-31,INV00014596,S030,P00096,4,4,0,0.0
SC00003350,2025-12-31,INV00012305,S025,P00305,4,4,0,0.0
SC00003351,2025-12-31,INV00008621,S018,P00121,1,1,0,0.0
SC00003352,2025-12-31,INV00010238,S021,P00238,3,3,0,0.0
SC00003353,2025-12-31,INV00010434,S021,P00434,2,2,0,0.0
SC00003354,2025-12-31,INV00008561,S018,P00061,7,7,0,0.0
SC00003355,2025-12-31,INV00002892,S006,P00392,4,4,0,0.0
SC00003356,2025-12-31,INV00009384,S019,P00384,1,1,0,0.0
SC00003357,2025-12-31,INV00012030,S025,P00030,5,5,0,0.0
SC00003358,2025-12-31,INV00008061,S017,P00061,6,6,0,0.0
SC00003359,2025-12-31,INV00006881,S014,P00381,4,4,0,0.0
SC00003360,2025-12-31,INV00012735,S026,P00235,1,1,0,0.0
SC00003361,2025-12-31,INV00002790,S006,P00290,3,3,0,0.0
SC00003362,2025-12-31,INV00002795,S006,P00295,2,2,0,0.0
SC00003363,2025-12-31,INV00013118,S027,P00118,4,4,0,0.0
SC00003364,2025-12-31,INV00010596,S022,P00096,10,10,0,0.0
SC00003365,2025-12-31,INV00002616,S006,P00116,3,3,0,0.0
SC00003366,2025-12-31,INV00006589,S014,P00089,1,1,0,0.0
SC00003367,2025-12-31,INV00007346,S015,P00346,1,1,0,0.0
SC00003368,2025-12-31,INV00009674,S020,P00174,5,5,0,0.0
SC00003369,2025-12-31,INV00006166,S013,P00166,11,11,0,0.0
SC00003370,2025-12-31,INV00008041,S017,P00041,2,2,0,0.0
SC00003371,2025-12-31,INV00000999,S002,P00499,17,17,0,0.0
SC00003372,2025-12-31,INV00014511,S030,P00011,6,6,0,0.0
SC00003373,2025-12-31,INV00007987,S016,P00487,1,1,0,0.0
SC00003374,2025-12-31,INV00008838,S018,P00338,3,3,0,0.0
SC00003375,2025-12-31,INV00010607,S022,P00107,5,5,0,0.0
SC00003376,2025-12-31,INV00011162,S023,P00162,5,5,0,0.0
SC00003377,2025-12-31,INV00012955,S026,P00455,7,7,0,0.0
SC00003378,2025-12-31,INV00002665,S006,P00165,6,6,0,0.0
SC00003379,2025-12-31,INV00010983,S022,P00483,1,1,0,0.0
SC00003380,2025-12-31,INV00005702,S012,P00202,4,4,0,0.0
SC00003381,2025-12-31,INV00011151,S023,P00151,2,2,0,0.0
SC00003382,2025-12-31,INV00003139,S007,P00139,5,5,0,0.0
SC00003383,2025-12-31,INV00004539,S010,P00039,9,9,0,0.0
SC00003384,2025-12-31,INV00010259,S021,P00259,6,6,0,0.0
SC00003385,2025-12-31,INV00000345,S001,P00345,3,3,0,0.0
SC00003386,2025-12-31,INV00011867,S024,P00367,2,2,0,0.0
SC00003387,2025-12-31,INV00005024,S011,P00024,2,2,0,0.0
SC00003388,2025-12-31,INV00009427,S019,P00427,1,1,0,0.0
SC00003389,2025-12-31,INV00001085,S003,P00085,5,5,0,0.0
SC00003390,2025-12-31,INV00012644,S026,P00144,3,3,0,0.0
SC00003391,2025-12-31,INV00008650,S018,P00150,2,2,0,0.0
SC00003392,2025-12-31,INV00009193,S019,P00193,3,3,0,0.0
SC00003393,2025-12-31,INV00005284,S011,P00284,1,1,0,0.0
SC00003394,2025-12-31,INV00009565,S020,P00065,1,1,0,0.0
SC00003395,2025-12-31,INV00000830,S002,P00330,3,3,0,0.0
SC00003396,2025-12-31,INV00003946,S008,P00446,3,3,0,0.0
SC00003397,2025-12-31,INV00009107,S019,P00107,1,1,0,0.0
SC00003398,2025-12-31,INV00004568,S010,P00068,9,9,0,0.0
SC00003399,2025-12-31,INV00009379,S019,P00379,2,2,0,0.0
SC00003400,2025-12-31,INV00011533,S024,P00033,6,6,0,0.0
SC00003401,2025-12-31,INV00010852,S022,P00352,3,3,0,0.0
SC00003402,2025-12-31,INV00010509,S022,P00009,1,1,0,0.0
SC00003403,2025-12-31,INV00003865,S008,P00365,9,9,0,0.0
SC00003404,2025-12-31,INV00010195,S021,P00195,3,3,0,0.0
SC00003405,2025-12-31,INV00014774,S030,P00274,2,2,0,0.0
SC00003406,2025-12-31,INV00006660,S014,P00160,9,9,0,0.0
SC00003407,2025-12-31,INV00014963,S030,P00463,5,5,0,0.0
SC00003408,2025-12-31,INV00002746,S006,P00246,6,6,0,0.0
SC00003409,2025-12-31,INV00013131,S027,P00131,3,3,0,0.0
SC00003410,2025-12-31,INV00006283,S013,P00283,2,2,0,0.0
SC00003411,2025-12-31,INV00005102,S011,P00102,2,2,0,0.0
SC00003412,2025-12-31,INV00009507,S020,P00007,7,7,0,0.0
SC00003413,2025-12-31,INV00008873,S018,P00373,4,4,0,0.0
SC00003414,2025-12-31,INV00011980,S024,P00480,3,3,0,0.0
SC00003415,2025-12-31,INV00012566,S026,P00066,10,10,0,0.0
SC00003416,2025-12-31,INV00009173,S019,P00173,5,5,0,0.0
SC00003417,2025-12-31,INV00011382,S023,P00382,2,2,0,0.0
SC00003418,2025-12-31,INV00004202,S009,P00202,1,1,0,0.0
SC00003419,2025-12-31,INV00002731,S006,P00231,3,3,0,0.0
SC00003420,2025-12-31,INV00014739,S030,P00239,4,4,0,0.0
SC00003421,2025-12-31,INV00005075,S011,P00075,1,1,0,0.0
SC00003422,2025-12-31,INV00006532,S014,P00032,3,3,0,0.0
SC00003423,2025-12-31,INV00008591,S018,P00091,4,4,0,0.0
SC00003424,2025-12-31,INV00009310,S019,P00310,1,1,0,0.0
SC00003425,2025-12-31,INV00007598,S016,P00098,2,2,0,0.0
SC00003426,2025-12-31,INV00003871,S008,P00371,3,3,0,0.0
SC00003427,2025-12-31,INV00009918,S020,P00418,4,4,0,0.0
SC00003428,2025-12-31,INV00006036,S013,P00036,11,11,0,0.0
SC00003429,2025-12-31,INV00010241,S021,P00241,4,4,0,0.0
SC00003430,2025-12-31,INV00004755,S010,P00255,4,4,0,0.0
SC00003431,2025-12-31,INV00010901,S022,P00401,3,3,0,0.0
SC00003432,2025-12-31,INV00003555,S008,P00055,6,6,0,0.0
SC00003433,2025-12-31,INV00011539,S024,P00039,1,1,0,0.0
SC00003434,2025-12-31,INV00014293,S029,P00293,14,14,0,0.0
SC00003435,2025-12-31,INV00011994,S024,P00494,3,3,0,0.0
SC00003436,2025-12-31,INV00004672,S010,P00172,1,1,0,0.0
SC00003437,2025-12-31,INV00005612,S012,P00112,3,3,0,0.0
SC00003438,2025-12-31,INV00010734,S022,P00234,26,26,0,0.0
SC00003439,2025-12-31,INV00011770,S024,P00270,9,9,0,0.0
SC00003440,2025-12-31,INV00009866,S020,P00366,8,8,0,0.0
SC00003441,2025-12-31,INV00000375,S001,P00375,2,2,0,0.0
SC00003442,2025-12-31,INV00014059,S029,P00059,6,6,0,0.0
SC00003443,2025-12-31,INV00009643,S020,P00143,7,7,0,0.0
SC00003444,2025-12-31,INV00003790,S008,P00290,1,1,0,0.0
SC00003445,2025-12-31,INV00012367,S025,P00367,4,4,0,0.0
SC00003446,2025-12-31,INV00014978,S030,P00478,2,2,0,0.0
SC00003447,2025-12-31,INV00010077,S021,P00077,9,9,0,0.0
SC00003448,2025-12-31,INV00003365,S007,P00365,8,8,0,0.0
SC00003449,2025-12-31,INV00010877,S022,P00377,4,4,0,0.0
SC00003450,2025-12-31,INV00003779,S008,P00279,8,8,0,0.0
SC00003451,2025-12-31,INV00006906,S014,P00406,1,1,0,0.0
SC00003452,2025-12-31,INV00007786,S016,P00286,3,3,0,0.0
SC00003453,2025-12-31,INV00008013,S017,P00013,2,2,0,0.0
SC00003454,2025-12-31,INV00001040,S003,P00040,3,3,0,0.0
SC00003455,2025-12-31,INV00007844,S016,P00344,4,4,0,0.0
SC00003456,2025-12-31,INV00004801,S010,P00301,5,5,0,0.0
SC00003457,2025-12-31,INV00014622,S030,P00122,6,6,0,0.0
SC00003458,2025-12-31,INV00013387,S027,P00387,6,6,0,0.0
SC00003459,2025-12-31,INV00002855,S006,P00355,8,8,0,0.0
SC00003460,2025-12-31,INV00009825,S020,P00325,16,16,0,0.0
SC00003461,2025-12-31,INV00014246,S029,P00246,4,4,0,0.0
SC00003462,2025-12-31,INV00011308,S023,P00308,2,2,0,0.0
SC00003463,2025-12-31,INV00008730,S018,P00230,3,3,0,0.0
SC00003464,2025-12-31,INV00013961,S028,P00461,2,2,0,0.0
SC00003465,2025-12-31,INV00014667,S030,P00167,3,3,0,0.0
SC00003466,2025-12-31,INV00007436,S015,P00436,2,2,0,0.0
SC00003467,2025-12-31,INV00009057,S019,P00057,2,2,0,0.0
SC00003468,2025-12-31,INV00008110,S017,P00110,8,8,0,0.0
SC00003469,2025-12-31,INV00001147,S003,P00147,6,6,0,0.0
SC00003470,2025-12-31,INV00002606,S006,P00106,10,10,0,0.0
SC00003471,2025-12-31,INV00000526,S002,P00026,4,4,0,0.0
SC00003472,2025-12-31,INV00012075,S025,P00075,7,7,0,0.0
SC00003473,2025-12-31,INV00004513,S010,P00013,4,4,0,0.0
SC00003474,2025-12-31,INV00000295,S001,P00295,1,1,0,0.0
SC00003475,2025-12-31,INV00004752,S010,P00252,4,4,0,0.0
SC00003476,2025-12-31,INV00001552,S004,P00052,9,9,0,0.0
SC00003477,2025-12-31,INV00006140,S013,P00140,1,1,0,0.0
SC00003478,2025-12-31,INV00006623,S014,P00123,3,3,0,0.0
SC00003479,2025-12-31,INV00003947,S008,P00447,4,4,0,0.0
SC00003480,2025-12-31,INV00003877,S008,P00377,1,1,0,0.0
SC00003481,2025-12-31,INV00001070,S003,P00070,1,1,0,0.0
SC00003482,2025-12-31,INV00002817,S006,P00317,3,3,0,0.0
SC00003483,2025-12-31,INV00009041,S019,P00041,1,1,0,0.0
SC00003484,2025-12-31,INV00012723,S026,P00223,5,5,0,0.0
SC00003485,2025-12-31,INV00010914,S022,P00414,1,1,0,0.0
SC00003486,2025-12-31,INV00011105,S023,P00105,1,1,0,0.0
SC00003487,2025-12-31,INV00010545,S022,P00045,3,3,0,0.0
SC00003488,2025-12-31,INV00009953,S020,P00453,1,1,0,0.0
SC00003489,2025-12-31,INV00005488,S011,P00488,7,7,0,0.0
SC00003490,2025-12-31,INV00010933,S022,P00433,3,3,0,0.0
SC00003491,2025-12-31,INV00002554,S006,P00054,5,5,0,0.0
SC00003492,2025-12-31,INV00005912,S012,P00412,3,3,0,0.0
SC00003493,2025-12-31,INV00014799,S030,P00299,2,2,0,0.0
SC00003494,2025-12-31,INV00004769,S010,P00269,1,1,0,0.0
SC00003495,2025-12-31,INV00008295,S017,P00295,3,3,0,0.0
SC00003496,2025-12-31,INV00007238,S015,P00238,9,9,0,0.0
SC00003497,2025-12-31,INV00008870,S018,P00370,2,2,0,0.0
SC00003498,2025-12-31,INV00007932,S016,P00432,1,1,0,0.0
SC00003499,2025-12-31,INV00001481,S003,P00481,3,3,0,0.0
SC00003500,2025-12-31,INV00002865,S006,P00365,4,4,0,0.0
SC00003501,2025-12-31,INV00004767,S010,P00267,10,10,0,0.0
SC00003502,2025-12-31,INV00007583,S016,P00083,1,1,0,0.0
SC00003503,2025-12-31,INV00012862,S026,P00362,15,15,0,0.0
SC00003504,2025-12-31,INV00009110,S019,P00110,4,4,0,0.0
SC00003505,2025-12-31,INV00006970,S014,P00470,7,7,0,0.0
SC00003506,2025-12-31,INV00013289,S027,P00289,5,5,0,0.0
SC00003507,2025-12-31,INV00011033,S023,P00033,2,2,0,0.0
SC00003508,2025-12-31,INV00004859,S010,P00359,1,1,0,0.0
SC00003509,2025-12-31,INV00003433,S007,P00433,1,1,0,0.0
SC00003510,2025-12-31,INV00006007,S013,P00007,13,13,0,0.0
SC00003511,2025-12-31,INV00014454,S029,P00454,4,4,0,0.0
SC00003512,2025-12-31,INV00008931,S018,P00431,1,1,0,0.0
SC00003513,2025-12-31,INV00006943,S014,P00443,5,5,0,0.0
SC00003514,2025-12-31,INV00014818,S030,P00318,4,4,0,0.0
SC00003515,2025-12-31,INV00003116,S007,P00116,2,2,0,0.0
SC00003516,2025-12-31,INV00002649,S006,P00149,4,4,0,0.0
SC00003517,2025-12-31,INV00013940,S028,P00440,5,5,0,0.0
SC00003518,2025-12-31,INV00006735,S014,P00235,11,11,0,0.0
SC00003519,2025-12-31,INV00001356,S003,P00356,12,12,0,0.0
SC00003520,2025-12-31,INV00005329,S011,P00329,24,23,-1,-0.0417
SC00003521,2025-12-31,INV00003409,S007,P00409,4,4,0,0.0
SC00003522,2025-12-31,INV00001476,S003,P00476,3,3,0,0.0
SC00003523,2025-12-31,INV00005852,S012,P00352,2,2,0,0.0
SC00003524,2025-12-31,INV00001000,S002,P00500,6,6,0,0.0
SC00003525,2025-12-31,INV00014901,S030,P00401,1,1,0,0.0
SC00003526,2025-12-31,INV00002541,S006,P00041,3,3,0,0.0
SC00003527,2025-12-31,INV00003553,S008,P00053,8,8,0,0.0
SC00003528,2025-12-31,INV00008040,S017,P00040,3,3,0,0.0
SC00003529,2025-12-31,INV00010100,S021,P00100,4,4,0,0.0
SC00003530,2025-12-31,INV00000538,S002,P00038,2,2,0,0.0
SC00003531,2025-12-31,INV00014287,S029,P00287,11,11,0,0.0
SC00003532,2025-12-31,INV00005171,S011,P00171,3,3,0,0.0
SC00003533,2025-12-31,INV00006157,S013,P00157,10,10,0,0.0
SC00003534,2025-12-31,INV00011805,S024,P00305,3,3,0,0.0
SC00003535,2025-12-31,INV00009278,S019,P00278,6,6,0,0.0
SC00003536,2025-12-31,INV00003730,S008,P00230,1,1,0,0.0
SC00003537,2025-12-31,INV00006408,S013,P00408,2,2,0,0.0
SC00003538,2025-12-31,INV00014388,S029,P00388,2,2,0,0.0
SC00003539,2025-12-31,INV00005654,S012,P00154,13,13,0,0.0
SC00003540,2025-12-31,INV00007936,S016,P00436,12,12,0,0.0
SC00003541,2025-12-31,INV00007284,S015,P00284,5,5,0,0.0
SC00003542,2025-12-31,INV00008728,S018,P00228,3,3,0,0.0
SC00003543,2025-12-31,INV00007070,S015,P00070,7,7,0,0.0
SC00003544,2025-12-31,INV00000627,S002,P00127,3,3,0,0.0
SC00003545,2025-12-31,INV00014173,S029,P00173,3,3,0,0.0
SC00003546,2025-12-31,INV00012675,S026,P00175,9,9,0,0.0
SC00003547,2025-12-31,INV00014278,S029,P00278,6,6,0,0.0
SC00003548,2025-12-31,INV00008309,S017,P00309,2,2,0,0.0
SC00003549,2025-12-31,INV00009658,S020,P00158,4,4,0,0.0
SC00003550,2025-12-31,INV00001110,S003,P00110,5,5,0,0.0
SC00003551,2025-12-31,INV00002953,S006,P00453,3,3,0,0.0
SC00003552,2025-12-31,INV00000908,S002,P00408,4,4,0,0.0
SC00003553,2025-12-31,INV00004032,S009,P00032,1,1,0,0.0
SC00003554,2025-12-31,INV00001837,S004,P00337,2,2,0,0.0
SC00003555,2025-12-31,INV00007657,S016,P00157,16,16,0,0.0
SC00003556,2025-12-31,INV00014895,S030,P00395,2,2,0,0.0
SC00003557,2025-12-31,INV00006025,S013,P00025,4,4,0,0.0
SC00003558,2025-12-31,INV00007170,S015,P00170,1,1,0,0.0
SC00003559,2025-12-31,INV00011865,S024,P00365,3,3,0,0.0
SC00003560,2025-12-31,INV00011976,S024,P00476,9,9,0,0.0
SC00003561,2025-12-31,INV00009013,S019,P00013,7,7,0,0.0
SC00003562,2025-12-31,INV00014846,S030,P00346,2,2,0,0.0
SC00003563,2025-12-31,INV00008046,S017,P00046,2,2,0,0.0
SC00003564,2025-12-31,INV00005424,S011,P00424,4,4,0,0.0
SC00003565,2025-12-31,INV00013124,S027,P00124,2,2,0,0.0
SC00003566,2025-12-31,INV00014816,S030,P00316,4,4,0,0.0
SC00003567,2025-12-31,INV00001155,S003,P00155,5,5,0,0.0
SC00003568,2025-12-31,INV00008738,S018,P00238,7,7,0,0.0
SC00003569,2025-12-31,INV00014087,S029,P00087,3,3,0,0.0
SC00003570,2025-12-31,INV00001529,S004,P00029,1,1,0,0.0
SC00003571,2025-12-31,INV00006872,S014,P00372,5,5,0,0.0
SC00003572,2025-12-31,INV00003824,S008,P00324,1,1,0,0.0
SC00003573,2025-12-31,INV00011940,S024,P00440,6,6,0,0.0
SC00003574,2025-12-31,INV00008818,S018,P00318,2,2,0,0.0
SC00003575,2025-12-31,INV00006266,S013,P00266,10,10,0,0.0
SC00003576,2025-12-31,INV00003189,S007,P00189,3,3,0,0.0
SC00003577,2025-12-31,INV00012625,S026,P00125,2,2,0,0.0
SC00003578,2025-12-31,INV00012432,S025,P00432,7,7,0,0.0
SC00003579,2025-12-31,INV00014343,S029,P00343,9,9,0,0.0
SC00003580,2025-12-31,INV00008171,S017,P00171,6,6,0,0.0
SC00003581,2025-12-31,INV00002171,S005,P00171,3,3,0,0.0
SC00003582,2025-12-31,INV00009960,S020,P00460,5,5,0,0.0
SC00003583,2025-12-31,INV00013425,S027,P00425,1,1,0,0.0
SC00003584,2025-12-31,INV00002528,S006,P00028,4,4,0,0.0
SC00003585,2025-12-31,INV00006270,S013,P00270,3,3,0,0.0
SC00003586,2025-12-31,INV00011352,S023,P00352,3,3,0,0.0
SC00003587,2025-12-31,INV00003384,S007,P00384,3,3,0,0.0
SC00003588,2025-12-31,INV00007317,S015,P00317,10,10,0,0.0
SC00003589,2025-12-31,INV00001345,S003,P00345,10,10,0,0.0
SC00003590,2025-12-31,INV00007564,S016,P00064,2,2,0,0.0
SC00003591,2025-12-31,INV00006887,S014,P00387,4,4,0,0.0
SC00003592,2025-12-31,INV00002275,S005,P00275,11,11,0,0.0
SC00003593,2025-12-31,INV00001563,S004,P00063,6,6,0,0.0
SC00003594,2025-12-31,INV00003140,S007,P00140,4,4,0,0.0
SC00003595,2025-12-31,INV00000384,S001,P00384,7,7,0,0.0
SC00003596,2025-12-31,INV00012627,S026,P00127,6,6,0,0.0
SC00003597,2025-12-31,INV00008185,S017,P00185,6,6,0,0.0
SC00003598,2025-12-31,INV00010490,S021,P00490,5,5,0,0.0
SC00003599,2025-12-31,INV00001512,S004,P00012,5,5,0,0.0
SC00003600,2025-12-31,INV00003397,S007,P00397,7,7,0,0.0
SC00003601,2025-12-31,INV00002235,S005,P00235,3,3,0,0.0
SC00003602,2025-12-31,INV00012883,S026,P00383,3,3,0,0.0
SC00003603,2025-12-31,INV00004779,S010,P00279,4,4,0,0.0
SC00003604,2025-12-31,INV00006862,S014,P00362,4,4,0,0.0
SC00003605,2025-12-31,INV00008215,S017,P00215,4,4,0,0.0
SC00003606,2025-12-31,INV00007985,S016,P00485,1,1,0,0.0
SC00003607,2025-12-31,INV00004360,S009,P00360,2,2,0,0.0
SC00003608,2025-12-31,INV00004029,S009,P00029,2,2,0,0.0
SC00003609,2025-12-31,INV00006168,S013,P00168,4,4,0,0.0
SC00003610,2025-12-31,INV00007253,S015,P00253,2,2,0,0.0
SC00003611,2025-12-31,INV00012448,S025,P00448,3,3,0,0.0
SC00003612,2025-12-31,INV00001502,S004,P00002,3,3,0,0.0
SC00003613,2025-12-31,INV00014662,S030,P00162,4,4,0,0.0
SC00003614,2025-12-31,INV00007045,S015,P00045,2,2,0,0.0
SC00003615,2025-12-31,INV00007161,S015,P00161,1,1,0,0.0
SC00003616,2025-12-31,INV00002881,S006,P00381,1,1,0,0.0
SC00003617,2025-12-31,INV00010040,S021,P00040,2,2,0,0.0
SC00003618,2025-12-31,INV00002786,S006,P00286,2,2,0,0.0
SC00003619,2025-12-31,INV00003611,S008,P00111,2,2,0,0.0
SC00003620,2025-12-31,INV00002149,S005,P00149,4,4,0,0.0
SC00003621,2025-12-31,INV00009693,S020,P00193,13,13,0,0.0
SC00003622,2025-12-31,INV00007924,S016,P00424,2,2,0,0.0
SC00003623,2025-12-31,INV00002860,S006,P00360,1,1,0,0.0
SC00003624,2025-12-31,INV00012603,S026,P00103,2,2,0,0.0
SC00003625,2025-12-31,INV00000369,S001,P00369,2,2,0,0.0
SC00003626,2025-12-31,INV00013828,S028,P00328,3,3,0,0.0
SC00003627,2025-12-31,INV00011789,S024,P00289,6,6,0,0.0
SC00003628,2025-12-31,INV00001177,S003,P00177,7,7,0,0.0
SC00003629,2025-12-31,INV00012049,S025,P00049,2,2,0,0.0
SC00003630,2025-12-31,INV00012490,S025,P00490,5,5,0,0.0
SC00003631,2025-12-31,INV00013009,S027,P00009,1,1,0,0.0
SC00003632,2025-12-31,INV00008072,S017,P00072,2,2,0,0.0
SC00003633,2025-12-31,INV00009764,S020,P00264,4,4,0,0.0
SC00003634,2025-12-31,INV00004155,S009,P00155,6,6,0,0.0
SC00003635,2025-12-31,INV00009768,S020,P00268,1,1,0,0.0
SC00003636,2025-12-31,INV00011625,S024,P00125,1,1,0,0.0
SC00003637,2025-12-31,INV00004612,S010,P00112,1,1,0,0.0
SC00003638,2025-12-31,INV00000389,S001,P00389,1,1,0,0.0
SC00003639,2025-12-31,INV00001496,S003,P00496,3,3,0,0.0
SC00003640,2025-12-31,INV00001066,S003,P00066,4,4,0,0.0
SC00003641,2025-12-31,INV00014938,S030,P00438,4,4,0,0.0
SC00003642,2025-12-31,INV00012850,S026,P00350,7,7,0,0.0
SC00003643,2025-12-31,INV00002743,S006,P00243,6,6,0,0.0
SC00003644,2025-12-31,INV00010294,S021,P00294,1,1,0,0.0
SC00003645,2025-12-31,INV00002155,S005,P00155,3,3,0,0.0
SC00003646,2025-12-31,INV00010782,S022,P00282,5,5,0,0.0
SC00003647,2025-12-31,INV00011530,S024,P00030,4,4,0,0.0
SC00003648,2025-12-31,INV00004446,S009,P00446,3,3,0,0.0
SC00003649,2025-12-31,INV00010799,S022,P00299,4,4,0,0.0
SC00003650,2025-12-31,INV00013906,S028,P00406,3,3,0,0.0
SC00003651,2025-12-31,INV00004864,S010,P00364,10,10,0,0.0
SC00003652,2025-12-31,INV00006571,S014,P00071,7,7,0,0.0
SC00003653,2025-12-31,INV00001650,S004,P00150,1,1,0,0.0
SC00003654,2025-12-31,INV00009442,S019,P00442,1,1,0,0.0
SC00003655,2025-12-31,INV00012363,S025,P00363,1,1,0,0.0
SC00003656,2025-12-31,INV00000915,S002,P00415,4,4,0,0.0
SC00003657,2025-12-31,INV00007186,S015,P00186,1,1,0,0.0
SC00003658,2025-12-31,INV00011889,S024,P00389,3,3,0,0.0
SC00003659,2025-12-31,INV00014568,S030,P00068,4,4,0,0.0
SC00003660,2025-12-31,INV00006843,S014,P00343,3,3,0,0.0
SC00003661,2025-12-31,INV00009337,S019,P00337,2,2,0,0.0
SC00003662,2025-12-31,INV00005347,S011,P00347,1,1,0,0.0
SC00003663,2025-12-31,INV00014891,S030,P00391,8,8,0,0.0
SC00003664,2025-12-31,INV00007177,S015,P00177,5,5,0,0.0
SC00003665,2025-12-31,INV00007971,S016,P00471,6,6,0,0.0
SC00003666,2025-12-31,INV00003829,S008,P00329,2,2,0,0.0
SC00003667,2025-12-31,INV00009493,S019,P00493,2,2,0,0.0
SC00003668,2025-12-31,INV00001021,S003,P00021,1,1,0,0.0
SC00003669,2025-12-31,INV00005775,S012,P00275,17,17,0,0.0
SC00003670,2025-12-31,INV00009717,S020,P00217,9,9,0,0.0
SC00003671,2025-12-31,INV00014283,S029,P00283,8,8,0,0.0
SC00003672,2025-12-31,INV00005818,S012,P00318,7,7,0,0.0
SC00003673,2025-12-31,INV00007613,S016,P00113,4,4,0,0.0
SC00003674,2025-12-31,INV00011670,S024,P00170,1,1,0,0.0
SC00003675,2025-12-31,INV00000528,S002,P00028,11,11,0,0.0
SC00003676,2025-12-31,INV00013050,S027,P00050,6,6,0,0.0
SC00003677,2025-12-31,INV00013779,S028,P00279,6,6,0,0.0
SC00003678,2025-12-31,INV00014447,S029,P00447,6,6,0,0.0
SC00003679,2025-12-31,INV00011390,S023,P00390,3,3,0,0.0
SC00003680,2025-12-31,INV00011645,S024,P00145,1,1,0,0.0
SC00003681,2025-12-31,INV00002462,S005,P00462,2,2,0,0.0
SC00003682,2025-12-31,INV00013218,S027,P00218,1,1,0,0.0
SC00003683,2025-12-31,INV00003242,S007,P00242,1,1,0,0.0
SC00003684,2025-12-31,INV00006860,S014,P00360,5,5,0,0.0
SC00003685,2025-12-31,INV00012160,S025,P00160,2,2,0,0.0
SC00003686,2025-12-31,INV00000387,S001,P00387,1,1,0,0.0
SC00003687,2025-12-31,INV00013574,S028,P00074,2,2,0,0.0
SC00003688,2025-12-31,INV00014616,S030,P00116,8,8,0,0.0
SC00003689,2025-12-31,INV00011085,S023,P00085,8,8,0,0.0
SC00003690,2025-12-31,INV00010536,S022,P00036,3,3,0,0.0
SC00003691,2025-12-31,INV00004131,S009,P00131,9,9,0,0.0
SC00003692,2025-12-31,INV00002449,S005,P00449,1,1,0,0.0
SC00003693,2025-12-31,INV00011158,S023,P00158,7,7,0,0.0
SC00003694,2025-12-31,INV00002038,S005,P00038,15,15,0,0.0
SC00003695,2025-12-31,INV00001383,S003,P00383,4,4,0,0.0
SC00003696,2025-12-31,INV00009292,S019,P00292,3,3,0,0.0
SC00003697,2025-12-31,INV00010081,S021,P00081,9,9,0,0.0
SC00003698,2025-12-31,INV00005786,S012,P00286,2,2,0,0.0
SC00003699,2025-12-31,INV00002936,S006,P00436,4,4,0,0.0
SC00003700,2025-12-31,INV00011429,S023,P00429,3,3,0,0.0
SC00003701,2025-12-31,INV00010460,S021,P00460,4,4,0,0.0
SC00003702,2025-12-31,INV00000452,S001,P00452,17,17,0,0.0
SC00003703,2025-12-31,INV00005051,S011,P00051,2,2,0,0.0
SC00003704,2025-12-31,INV00012468,S025,P00468,7,7,0,0.0
SC00003705,2025-12-31,INV00012827,S026,P00327,7,7,0,0.0
SC00003706,2025-12-31,INV00014135,S029,P00135,1,1,0,0.0
SC00003707,2025-12-31,INV00005784,S012,P00284,3,3,0,0.0
SC00003708,2025-12-31,INV00007485,S015,P00485,10,10,0,0.0
SC00003709,2025-12-31,INV00003780,S008,P00280,6,6,0,0.0
SC00003710,2025-12-31,INV00001515,S004,P00015,1,1,0,0.0
SC00003711,2025-12-31,INV00012643,S026,P00143,1,1,0,0.0
SC00003712,2025-12-31,INV00013944,S028,P00444,4,4,0,0.0
SC00003713,2025-12-31,INV00003125,S007,P00125,2,2,0,0.0
SC00003714,2025-12-31,INV00007949,S016,P00449,12,12,0,0.0
SC00003715,2025-12-31,INV00012204,S025,P00204,1,1,0,0.0
SC00003716,2025-12-31,INV00003315,S007,P00315,2,2,0,0.0
SC00003717,2025-12-31,INV00003281,S007,P00281,1,1,0,0.0
SC00003718,2025-12-31,INV00010579,S022,P00079,1,1,0,0.0
SC00003719,2025-12-31,INV00007447,S015,P00447,4,4,0,0.0
SC00003720,2025-12-31,INV00013802,S028,P00302,12,12,0,0.0
SC00003721,2025-12-31,INV00014860,S030,P00360,1,1,0,0.0
SC00003722,2025-12-31,INV00014785,S030,P00285,14,14,0,0.0
SC00003723,2025-12-31,INV00010470,S021,P00470,1,1,0,0.0
SC00003724,2025-12-31,INV00013553,S028,P00053,2,2,0,0.0
SC00003725,2025-12-31,INV00006898,S014,P00398,16,16,0,0.0
SC00003726,2025-12-31,INV00007337,S015,P00337,1,1,0,0.0
SC00003727,2025-12-31,INV00014787,S030,P00287,4,4,0,0.0
SC00003728,2025-12-31,INV00012976,S026,P00476,2,2,0,0.0
SC00003729,2025-12-31,INV00012874,S026,P00374,8,8,0,0.0
SC00003730,2025-12-31,INV00010909,S022,P00409,2,2,0,0.0
SC00003731,2025-12-31,INV00014403,S029,P00403,11,11,0,0.0
SC00003732,2025-12-31,INV00000158,S001,P00158,4,4,0,0.0
SC00003733,2025-12-31,INV00006300,S013,P00300,4,4,0,0.0
SC00003734,2025-12-31,INV00001865,S004,P00365,11,11,0,0.0
SC00003735,2025-12-31,INV00000358,S001,P00358,1,1,0,0.0
SC00003736,2025-12-31,INV00005978,S012,P00478,5,5,0,0.0
SC00003737,2025-12-31,INV00001939,S004,P00439,11,11,0,0.0
SC00003738,2025-12-31,INV00010104,S021,P00104,9,9,0,0.0
SC00003739,2025-12-31,INV00008076,S017,P00076,4,4,0,0.0
SC00003740,2025-12-31,INV00002995,S006,P00495,5,5,0,0.0
SC00003741,2025-12-31,INV00012746,S026,P00246,2,2,0,0.0
SC00003742,2025-12-31,INV00004948,S010,P00448,11,11,0,0.0
SC00003743,2025-12-31,INV00005603,S012,P00103,5,5,0,0.0
SC00003744,2025-12-31,INV00013531,S028,P00031,1,1,0,0.0
SC00003745,2025-12-31,INV00008287,S017,P00287,8,8,0,0.0
SC00003746,2025-12-31,INV00001489,S003,P00489,29,28,-1,-0.0345
SC00003747,2025-12-31,INV00006733,S014,P00233,1,1,0,0.0
SC00003748,2025-12-31,INV00007364,S015,P00364,13,13,0,0.0
SC00003749,2025-12-31,INV00007562,S016,P00062,13,13,0,0.0
SC00003750,2025-12-31,INV00013491,S027,P00491,2,2,0,0.0
SC00003751,2025-12-31,INV00012629,S026,P00129,12,12,0,0.0
SC00003752,2025-12-31,INV00011385,S023,P00385,14,14,0,0.0
SC00003753,2025-12-31,INV00007006,S015,P00006,4,4,0,0.0
SC00003754,2025-12-31,INV00012137,S025,P00137,1,1,0,0.0
SC00003755,2025-12-31,INV00004082,S009,P00082,3,3,0,0.0
SC00003756,2025-12-31,INV00012147,S025,P00147,3,3,0,0.0
SC00003757,2025-12-31,INV00013443,S027,P00443,2,2,0,0.0
SC00003758,2025-12-31,INV00011912,S024,P00412,7,7,0,0.0
SC00003759,2025-12-31,INV00010753,S022,P00253,5,5,0,0.0
SC00003760,2025-12-31,INV00010861,S022,P00361,1,1,0,0.0
SC00003761,2025-12-31,INV00006834,S014,P00334,6,6,0,0.0
SC00003762,2025-12-31,INV00013069,S027,P00069,1,1,0,0.0
SC00003763,2025-12-31,INV00008392,S017,P00392,2,2,0,0.0
SC00003764,2025-12-31,INV00009599,S020,P00099,5,5,0,0.0
SC00003765,2025-12-31,INV00008775,S018,P00275,1,1,0,0.0
SC00003766,2025-12-31,INV00009079,S019,P00079,5,5,0,0.0
SC00003767,2025-12-31,INV00007651,S016,P00151,2,2,0,0.0
SC00003768,2025-12-31,INV00009009,S019,P00009,6,6,0,0.0
SC00003769,2025-12-31,INV00004146,S009,P00146,5,5,0,0.0
SC00003770,2025-12-31,INV00011415,S023,P00415,3,3,0,0.0
SC00003771,2025-12-31,INV00009055,S019,P00055,1,1,0,0.0
SC00003772,2025-12-31,INV00010613,S022,P00113,9,9,0,0.0
SC00003773,2025-12-31,INV00012337,S025,P00337,3,3,0,0.0
SC00003774,2025-12-31,INV00013855,S028,P00355,5,5,0,0.0
SC00003775,2025-12-31,INV00004613,S010,P00113,7,7,0,0.0
SC00003776,2025-12-31,INV00007777,S016,P00277,5,5,0,0.0
SC00003777,2025-12-31,INV00014296,S029,P00296,11,11,0,0.0
SC00003778,2025-12-31,INV00003131,S007,P00131,4,4,0,0.0
SC00003779,2025-12-31,INV00001311,S003,P00311,8,8,0,0.0
SC00003780,2025-12-31,INV00008944,S018,P00444,4,4,0,0.0
SC00003781,2025-12-31,INV00002469,S005,P00469,4,4,0,0.0
SC00003782,2025-12-31,INV00005585,S012,P00085,4,4,0,0.0
SC00003783,2025-12-31,INV00008131,S017,P00131,13,13,0,0.0
SC00003784,2025-12-31,INV00001453,S003,P00453,4,4,0,0.0
SC00003785,2025-12-31,INV00010651,S022,P00151,4,4,0,0.0
SC00003786,2025-12-31,INV00014417,S029,P00417,2,2,0,0.0
SC00003787,2025-12-31,INV00007626,S016,P00126,15,15,0,0.0
SC00003788,2025-12-31,INV00007389,S015,P00389,4,4,0,0.0
SC00003789,2025-12-31,INV00008463,S017,P00463,1,1,0,0.0
SC00003790,2025-12-31,INV00008057,S017,P00057,4,4,0,0.0
SC00003791,2025-12-31,INV00007876,S016,P00376,7,7,0,0.0
SC00003792,2025-12-31,INV00012465,S025,P00465,4,4,0,0.0
SC00003793,2025-12-31,INV00010439,S021,P00439,2,2,0,0.0
SC00003794,2025-12-31,INV00011481,S023,P00481,9,9,0,0.0
SC00003795,2025-12-31,INV00013447,S027,P00447,1,1,0,0.0
SC00003796,2025-12-31,INV00014041,S029,P00041,2,2,0,0.0
SC00003797,2025-12-31,INV00014054,S029,P00054,4,4,0,0.0
SC00003798,2025-12-31,INV00007283,S015,P00283,2,2,0,0.0
SC00003799,2025-12-31,INV00001532,S004,P00032,2,2,0,0.0
SC00003800,2025-12-31,INV00000654,S002,P00154,2,2,0,0.0
SC00003801,2025-12-31,INV00013845,S028,P00345,1,1,0,0.0
SC00003802,2025-12-31,INV00005970,S012,P00470,4,4,0,0.0
SC00003803,2025-12-31,INV00006112,S013,P00112,7,7,0,0.0
SC00003804,2025-12-31,INV00006021,S013,P00021,5,5,0,0.0
SC00003805,2025-12-31,INV00007393,S015,P00393,2,2,0,0.0
SC00003806,2025-12-31,INV00010645,S022,P00145,13,13,0,0.0
SC00003807,2025-12-31,INV00012831,S026,P00331,4,4,0,0.0
SC00003808,2025-12-31,INV00002236,S005,P00236,1,1,0,0.0
SC00003809,2025-12-31,INV00012941,S026,P00441,10,10,0,0.0
SC00003810,2025-12-31,INV00007599,S016,P00099,1,1,0,0.0
SC00003811,2025-12-31,INV00007363,S015,P00363,1,1,0,0.0
SC00003812,2025-12-31,INV00002687,S006,P00187,9,9,0,0.0
SC00003813,2025-12-31,INV00001668,S004,P00168,1,1,0,0.0
SC00003814,2025-12-31,INV00006210,S013,P00210,3,3,0,0.0
SC00003815,2025-12-31,INV00005020,S011,P00020,2,2,0,0.0
SC00003816,2025-12-31,INV00006076,S013,P00076,3,3,0,0.0
SC00003817,2025-12-31,INV00004703,S010,P00203,4,4,0,0.0
SC00003818,2025-12-31,INV00009207,S019,P00207,5,5,0,0.0
SC00003819,2025-12-31,INV00004242,S009,P00242,1,1,0,0.0
SC00003820,2025-12-31,INV00014716,S030,P00216,1,1,0,0.0
SC00003821,2025-12-31,INV00000024,S001,P00024,3,3,0,0.0
SC00003822,2025-12-31,INV00010016,S021,P00016,16,16,0,0.0
SC00003823,2025-12-31,INV00005544,S012,P00044,6,6,0,0.0
SC00003824,2025-12-31,INV00010957,S022,P00457,2,2,0,0.0
SC00003825,2025-12-31,INV00014176,S029,P00176,2,2,0,0.0
SC00003826,2025-12-31,INV00004581,S010,P00081,3,3,0,0.0
SC00003827,2025-12-31,INV00013080,S027,P00080,7,7,0,0.0
SC00003828,2025-12-31,INV00001762,S004,P00262,15,15,0,0.0
SC00003829,2025-12-31,INV00002876,S006,P00376,1,1,0,0.0
SC00003830,2025-12-31,INV00001892,S004,P00392,2,2,0,0.0
SC00003831,2025-12-31,INV00001419,S003,P00419,5,5,0,0.0
SC00003832,2025-12-31,INV00014125,S029,P00125,3,3,0,0.0
SC00003833,2025-12-31,INV00012191,S025,P00191,3,3,0,0.0
SC00003834,2025-12-31,INV00003026,S007,P00026,2,2,0,0.0
SC00003835,2025-12-31,INV00010476,S021,P00476,3,3,0,0.0
SC00003836,2025-12-31,INV00000601,S002,P00101,2,2,0,0.0
SC00003837,2025-12-31,INV00014549,S030,P00049,5,5,0,0.0
SC00003838,2025-12-31,INV00010420,S021,P00420,3,3,0,0.0
SC00003839,2025-12-31,INV00009557,S020,P00057,3,3,0,0.0
SC00003840,2025-12-31,INV00013285,S027,P00285,5,5,0,0.0
SC00003841,2025-12-31,INV00014917,S030,P00417,10,10,0,0.0
SC00003842,2025-12-31,INV00014657,S030,P00157,6,6,0,0.0
SC00003843,2025-12-31,INV00001997,S004,P00497,5,5,0,0.0
SC00003844,2025-12-31,INV00014590,S030,P00090,4,4,0,0.0
SC00003845,2025-12-31,INV00011855,S024,P00355,7,7,0,0.0
SC00003846,2025-12-31,INV00010515,S022,P00015,2,2,0,0.0
SC00003847,2025-12-31,INV00007199,S015,P00199,5,5,0,0.0
SC00003848,2025-12-31,INV00006429,S013,P00429,4,4,0,0.0
SC00003849,2025-12-31,INV00006667,S014,P00167,13,13,0,0.0
SC00003850,2025-12-31,INV00011289,S023,P00289,4,4,0,0.0
SC00003851,2025-12-31,INV00000998,S002,P00498,4,4,0,0.0
SC00003852,2025-12-31,INV00010103,S021,P00103,2,2,0,0.0
SC00003853,2025-12-31,INV00000306,S001,P00306,25,24,-1,-0.04
SC00003854,2025-12-31,INV00001999,S004,P00499,6,6,0,0.0
SC00003855,2025-12-31,INV00013693,S028,P00193,7,7,0,0.0
SC00003856,2025-12-31,INV00011078,S023,P00078,3,3,0,0.0
SC00003857,2025-12-31,INV00008153,S017,P00153,7,7,0,0.0
SC00003858,2025-12-31,INV00001555,S004,P00055,3,3,0,0.0
SC00003859,2025-12-31,INV00009168,S019,P00168,9,9,0,0.0
SC00003860,2025-12-31,INV00012780,S026,P00280,2,2,0,0.0
SC00003861,2025-12-31,INV00000103,S001,P00103,1,1,0,0.0
SC00003862,2025-12-31,INV00000633,S002,P00133,4,4,0,0.0
SC00003863,2025-12-31,INV00008470,S017,P00470,3,3,0,0.0
SC00003864,2025-12-31,INV00013052,S027,P00052,4,4,0,0.0
SC00003865,2025-12-31,INV00006258,S013,P00258,3,3,0,0.0
SC00003866,2025-12-31,INV00011342,S023,P00342,9,9,0,0.0
SC00003867,2025-12-31,INV00005601,S012,P00101,2,2,0,0.0
SC00003868,2025-12-31,INV00006164,S013,P00164,1,1,0,0.0
SC00003869,2025-12-31,INV00000929,S002,P00429,1,1,0,0.0
SC00003870,2025-12-31,INV00003340,S007,P00340,1,1,0,0.0
SC00003871,2025-12-31,INV00013209,S027,P00209,9,9,0,0.0
SC00003872,2025-12-31,INV00010066,S021,P00066,1,1,0,0.0
SC00003873,2025-12-31,INV00005437,S011,P00437,1,1,0,0.0
SC00003874,2025-12-31,INV00006009,S013,P00009,14,14,0,0.0
SC00003875,2025-12-31,INV00009416,S019,P00416,4,4,0,0.0
SC00003876,2025-12-31,INV00008386,S017,P00386,7,7,0,0.0
SC00003877,2025-12-31,INV00004692,S010,P00192,3,3,0,0.0
SC00003878,2025-12-31,INV00004773,S010,P00273,1,1,0,0.0
SC00003879,2025-12-31,INV00002924,S006,P00424,4,4,0,0.0
SC00003880,2025-12-31,INV00012951,S026,P00451,5,5,0,0.0
SC00003881,2025-12-31,INV00001869,S004,P00369,12,12,0,0.0
SC00003882,2025-12-31,INV00010115,S021,P00115,2,2,0,0.0
SC00003883,2025-12-31,INV00010876,S022,P00376,1,1,0,0.0
SC00003884,2025-12-31,INV00014142,S029,P00142,2,2,0,0.0
SC00003885,2025-12-31,INV00003463,S007,P00463,2,2,0,0.0
SC00003886,2025-12-31,INV00002295,S005,P00295,7,7,0,0.0
SC00003887,2025-12-31,INV00010156,S021,P00156,3,3,0,0.0
SC00003888,2025-12-31,INV00004358,S009,P00358,1,1,0,0.0
SC00003889,2025-12-31,INV00003519,S008,P00019,4,4,0,0.0
SC00003890,2025-12-31,INV00003792,S008,P00292,3,3,0,0.0
SC00003891,2025-12-31,INV00005380,S011,P00380,1,1,0,0.0
SC00003892,2025-12-31,INV00004802,S010,P00302,22,22,0,0.0
SC00003893,2025-12-31,INV00002557,S006,P00057,9,9,0,0.0
SC00003894,2025-12-31,INV00000336,S001,P00336,1,1,0,0.0
SC00003895,2025-12-31,INV00013754,S028,P00254,6,6,0,0.0
SC00003896,2025-12-31,INV00008376,S017,P00376,3,3,0,0.0
SC00003897,2025-12-31,INV00004415,S009,P00415,7,7,0,0.0
SC00003898,2025-12-31,INV00007567,S016,P00067,5,5,0,0.0
SC00003899,2025-12-31,INV00001792,S004,P00292,10,10,0,0.0
SC00003900,2025-12-31,INV00007639,S016,P00139,3,3,0,0.0
SC00003901,2025-12-31,INV00014942,S030,P00442,6,6,0,0.0
SC00003902,2025-12-31,INV00009576,S020,P00076,10,10,0,0.0
SC00003903,2025-12-31,INV00012207,S025,P00207,4,4,0,0.0
SC00003904,2025-12-31,INV00010849,S022,P00349,2,2,0,0.0
SC00003905,2025-12-31,INV00013112,S027,P00112,5,5,0,0.0
SC00003906,2025-12-31,INV00009257,S019,P00257,2,2,0,0.0
SC00003907,2025-12-31,INV00004085,S009,P00085,2,2,0,0.0
SC00003908,2025-12-31,INV00011361,S023,P00361,1,1,0,0.0
SC00003909,2025-12-31,INV00009667,S020,P00167,4,4,0,0.0
SC00003910,2025-12-31,INV00008807,S018,P00307,6,6,0,0.0
SC00003911,2025-12-31,INV00013332,S027,P00332,7,7,0,0.0
SC00003912,2025-12-31,INV00006489,S013,P00489,14,14,0,0.0
SC00003913,2025-12-31,INV00006481,S013,P00481,10,10,0,0.0
SC00003914,2025-12-31,INV00012522,S026,P00022,5,5,0,0.0
SC00003915,2025-12-31,INV00011752,S024,P00252,16,16,0,0.0
SC00003916,2025-12-31,INV00013353,S027,P00353,8,8,0,0.0
SC00003917,2025-12-31,INV00014339,S029,P00339,7,7,0,0.0
SC00003918,2025-12-31,INV00004309,S009,P00309,1,1,0,0.0
SC00003919,2025-12-31,INV00012755,S026,P00255,3,3,0,0.0
SC00003920,2025-12-31,INV00001782,S004,P00282,2,2,0,0.0
SC00003921,2025-12-31,INV00003358,S007,P00358,5,5,0,0.0
SC00003922,2025-12-31,INV00000945,S002,P00445,1,1,0,0.0
SC00003923,2025-12-31,INV00003104,S007,P00104,2,2,0,0.0
SC00003924,2025-12-31,INV00013294,S027,P00294,16,16,0,0.0
SC00003925,2025-12-31,INV00004822,S010,P00322,1,1,0,0.0
SC00003926,2025-12-31,INV00012161,S025,P00161,3,3,0,0.0
SC00003927,2025-12-31,INV00007979,S016,P00479,5,5,0,0.0
SC00003928,2025-12-31,INV00012156,S025,P00156,10,10,0,0.0
SC00003929,2025-12-31,INV00002285,S005,P00285,1,1,0,0.0
SC00003930,2025-12-31,INV00003751,S008,P00251,5,5,0,0.0
SC00003931,2025-12-31,INV00000078,S001,P00078,1,1,0,0.0
SC00003932,2025-12-31,INV00008849,S018,P00349,3,3,0,0.0
SC00003933,2025-12-31,INV00001022,S003,P00022,2,2,0,0.0
SC00003934,2025-12-31,INV00013453,S027,P00453,4,4,0,0.0
SC00003935,2025-12-31,INV00013216,S027,P00216,4,4,0,0.0
SC00003936,2025-12-31,INV00008794,S018,P00294,13,13,0,0.0
SC00003937,2025-12-31,INV00007073,S015,P00073,3,3,0,0.0
SC00003938,2025-12-31,INV00003438,S007,P00438,2,2,0,0.0
SC00003939,2025-12-31,INV00012150,S025,P00150,6,6,0,0.0
SC00003940,2025-12-31,INV00005294,S011,P00294,4,4,0,0.0
SC00003941,2025-12-31,INV00013919,S028,P00419,10,10,0,0.0
SC00003942,2025-12-31,INV00012487,S025,P00487,2,2,0,0.0
SC00003943,2025-12-31,INV00007473,S015,P00473,11,11,0,0.0
SC00003944,2025-12-31,INV00014412,S029,P00412,8,8,0,0.0
SC00003945,2025-12-31,INV00010967,S022,P00467,4,4,0,0.0
SC00003946,2025-12-31,INV00008633,S018,P00133,14,14,0,0.0
SC00003947,2025-12-31,INV00003830,S008,P00330,10,10,0,0.0
SC00003948,2025-12-31,INV00000167,S001,P00167,1,1,0,0.0
SC00003949,2025-12-31,INV00004010,S009,P00010,4,4,0,0.0
SC00003950,2025-12-31,INV00011796,S024,P00296,1,1,0,0.0
SC00003951,2025-12-31,INV00006518,S014,P00018,9,9,0,0.0
SC00003952,2025-12-31,INV00010194,S021,P00194,8,8,0,0.0
SC00003953,2025-12-31,INV00006391,S013,P00391,7,7,0,0.0
SC00003954,2025-12-31,INV00000206,S001,P00206,9,9,0,0.0
SC00003955,2025-12-31,INV00011286,S023,P00286,1,1,0,0.0
SC00003956,2025-12-31,INV00008327,S017,P00327,3,3,0,0.0
SC00003957,2025-12-31,INV00012833,S026,P00333,2,2,0,0.0
SC00003958,2025-12-31,INV00008064,S017,P00064,3,3,0,0.0
SC00003959,2025-12-31,INV00010073,S021,P00073,24,23,-1,-0.0417
SC00003960,2025-12-31,INV00007353,S015,P00353,4,4,0,0.0
SC00003961,2025-12-31,INV00005415,S011,P00415,3,3,0,0.0
SC00003962,2025-12-31,INV00002558,S006,P00058,4,4,0,0.0
SC00003963,2025-12-31,INV00014431,S029,P00431,3,3,0,0.0
SC00003964,2025-12-31,INV00007725,S016,P00225,7,7,0,0.0
SC00003965,2025-12-31,INV00002455,S005,P00455,2,2,0,0.0
SC00003966,2025-12-31,INV00014754,S030,P00254,5,5,0,0.0
SC00003967,2025-12-31,INV00008018,S017,P00018,3,3,0,0.0
SC00003968,2025-12-31,INV00004763,S010,P00263,7,7,0,0.0
SC00003969,2025-12-31,INV00014434,S029,P00434,6,6,0,0.0
SC00003970,2025-12-31,INV00000237,S001,P00237,6,6,0,0.0
SC00003971,2025-12-31,INV00006711,S014,P00211,8,8,0,0.0
SC00003972,2025-12-31,INV00012045,S025,P00045,1,1,0,0.0
SC00003973,2025-12-31,INV00014753,S030,P00253,10,10,0,0.0
SC00003974,2025-12-31,INV00005636,S012,P00136,2,2,0,0.0
SC00003975,2025-12-31,INV00010408,S021,P00408,9,9,0,0.0
SC00003976,2025-12-31,INV00012240,S025,P00240,3,3,0,0.0
SC00003977,2025-12-31,INV00007258,S015,P00258,4,4,0,0.0
SC00003978,2025-12-31,INV00014706,S030,P00206,3,3,0,0.0
SC00003979,2025-12-31,INV00004405,S009,P00405,8,8,0,0.0
SC00003980,2025-12-31,INV00000936,S002,P00436,7,7,0,0.0
SC00003981,2025-12-31,INV00010882,S022,P00382,2,2,0,0.0
SC00003982,2025-12-31,INV00010809,S022,P00309,12,12,0,0.0
SC00003983,2025-12-31,INV00003599,S008,P00099,13,13,0,0.0
SC00003984,2025-12-31,INV00013057,S027,P00057,3,3,0,0.0
SC00003985,2025-12-31,INV00006630,S014,P00130,2,2,0,0.0
SC00003986,2025-12-31,INV00000441,S001,P00441,5,5,0,0.0
SC00003987,2025-12-31,INV00014156,S029,P00156,8,8,0,0.0
SC00003988,2025-12-31,INV00008489,S017,P00489,7,7,0,0.0
SC00003989,2025-12-31,INV00000303,S001,P00303,1,1,0,0.0
SC00003990,2025-12-31,INV00008833,S018,P00333,12,12,0,0.0
SC00003991,2025-12-31,INV00009919,S020,P00419,3,3,0,0.0
SC00003992,2025-12-31,INV00002331,S005,P00331,3,3,0,0.0
SC00003993,2025-12-31,INV00007912,S016,P00412,11,11,0,0.0
SC00003994,2025-12-31,INV00002550,S006,P00050,4,4,0,0.0
SC00003995,2025-12-31,INV00009828,S020,P00328,9,9,0,0.0
SC00003996,2025-12-31,INV00001734,S004,P00234,8,8,0,0.0
SC00003997,2025-12-31,INV00006060,S013,P00060,8,8,0,0.0
SC00003998,2025-12-31,INV00001207,S003,P00207,1,1,0,0.0
SC00003999,2025-12-31,INV00008334,S017,P00334,2,2,0,0.0
SC00004000,2025-12-31,INV00013357,S027,P00357,1,1,0,0.0
SC00004001,2025-12-31,INV00014484,S029,P00484,6,6,0,0.0
SC00004002,2025-12-31,INV00004867,S010,P00367,4,4,0,0.0
SC00004003,2025-12-31,INV00011127,S023,P00127,3,3,0,0.0
SC00004004,2025-12-31,INV00009546,S020,P00046,8,8,0,0.0
SC00004005,2025-12-31,INV00012933,S026,P00433,1,1,0,0.0
SC00004006,2025-12-31,INV00011708,S024,P00208,5,5,0,0.0
SC00004007,2025-12-31,INV00002036,S005,P00036,10,10,0,0.0
SC00004008,2025-12-31,INV00013298,S027,P00298,1,1,0,0.0
SC00004009,2025-12-31,INV00005299,S011,P00299,4,4,0,0.0
SC00004010,2025-12-31,INV00005644,S012,P00144,6,6,0,0.0
SC00004011,2025-12-31,INV00011242,S023,P00242,13,13,0,0.0
SC00004012,2025-12-31,INV00014214,S029,P00214,1,1,0,0.0
SC00004013,2025-12-31,INV00012131,S025,P00131,2,2,0,0.0
SC00004014,2025-12-31,INV00010260,S021,P00260,3,3,0,0.0
SC00004015,2025-12-31,INV00011006,S023,P00006,9,9,0,0.0
SC00004016,2025-12-31,INV00003565,S008,P00065,2,2,0,0.0
SC00004017,2025-12-31,INV00009239,S019,P00239,4,4,0,0.0
SC00004018,2025-12-31,INV00009881,S020,P00381,3,3,0,0.0
SC00004019,2025-12-31,INV00011547,S024,P00047,6,6,0,0.0
SC00004020,2025-12-31,INV00001122,S003,P00122,2,2,0,0.0
SC00004021,2025-12-31,INV00000581,S002,P00081,9,9,0,0.0
SC00004022,2025-12-31,INV00002607,S006,P00107,4,4,0,0.0
SC00004023,2025-12-31,INV00010111,S021,P00111,10,10,0,0.0
SC00004024,2025-12-31,INV00000419,S001,P00419,25,24,-1,-0.04
SC00004025,2025-12-31,INV00007541,S016,P00041,6,6,0,0.0
SC00004026,2025-12-31,INV00008070,S017,P00070,3,3,0,0.0
SC00004027,2025-12-31,INV00000621,S002,P00121,5,5,0,0.0
SC00004028,2025-12-31,INV00013834,S028,P00334,6,6,0,0.0
SC00004029,2025-12-31,INV00008162,S017,P00162,7,7,0,0.0
SC00004030,2025-12-31,INV00005214,S011,P00214,1,1,0,0.0
SC00004031,2025-12-31,INV00000398,S001,P00398,1,1,0,0.0
SC00004032,2025-12-31,INV00002062,S005,P00062,8,8,0,0.0
SC00004033,2025-12-31,INV00013365,S027,P00365,3,3,0,0.0
SC00004034,2025-12-31,INV00002424,S005,P00424,7,7,0,0.0
SC00004035,2025-12-31,INV00007220,S015,P00220,4,4,0,0.0
SC00004036,2025-12-31,INV00001790,S004,P00290,1,1,0,0.0
SC00004037,2025-12-31,INV00001747,S004,P00247,2,2,0,0.0
SC00004038,2025-12-31,INV00014201,S029,P00201,6,6,0,0.0
SC00004039,2025-12-31,INV00011166,S023,P00166,2,2,0,0.0
SC00004040,2025-12-31,INV00005153,S011,P00153,5,5,0,0.0
SC00004041,2025-12-31,INV00001509,S004,P00009,6,6,0,0.0
SC00004042,2025-12-31,INV00002120,S005,P00120,1,1,0,0.0
SC00004043,2025-12-31,INV00013587,S028,P00087,14,14,0,0.0
SC00004044,2025-12-31,INV00004707,S010,P00207,6,6,0,0.0
SC00004045,2025-12-31,INV00004939,S010,P00439,5,5,0,0.0
SC00004046,2025-12-31,INV00014113,S029,P00113,12,12,0,0.0
SC00004047,2025-12-31,INV00014674,S030,P00174,2,2,0,0.0
SC00004048,2025-12-31,INV00006098,S013,P00098,5,5,0,0.0
SC00004049,2025-12-31,INV00002201,S005,P00201,16,16,0,0.0
SC00004050,2025-12-31,INV00008785,S018,P00285,8,8,0,0.0
SC00004051,2025-12-31,INV00013883,S028,P00383,6,6,0,0.0
SC00004052,2025-12-31,INV00013950,S028,P00450,1,1,0,0.0
SC00004053,2025-12-31,INV00005677,S012,P00177,2,2,0,0.0
SC00004054,2025-12-31,INV00006923,S014,P00423,4,4,0,0.0
SC00004055,2025-12-31,INV00004535,S010,P00035,2,2,0,0.0
SC00004056,2025-12-31,INV00001749,S004,P00249,3,3,0,0.0
SC00004057,2025-12-31,INV00011866,S024,P00366,1,1,0,0.0
SC00004058,2025-12-31,INV00008113,S017,P00113,5,5,0,0.0
SC00004059,2025-12-31,INV00003038,S007,P00038,10,10,0,0.0
SC00004060,2025-12-31,INV00014587,S030,P00087,12,12,0,0.0
SC00004061,2025-12-31,INV00003541,S008,P00041,3,3,0,0.0
SC00004062,2025-12-31,INV00001963,S004,P00463,1,1,0,0.0
SC00004063,2025-12-31,INV00014162,S029,P00162,7,7,0,0.0
SC00004064,2025-12-31,INV00010610,S022,P00110,6,6,0,0.0
SC00004065,2025-12-31,INV00013002,S027,P00002,3,3,0,0.0
SC00004066,2025-12-31,INV00005479,S011,P00479,7,7,0,0.0
SC00004067,2025-12-31,INV00003266,S007,P00266,14,14,0,0.0
SC00004068,2025-12-31,INV00008446,S017,P00446,1,1,0,0.0
SC00004069,2025-12-31,INV00002477,S005,P00477,5,5,0,0.0
SC00004070,2025-12-31,INV00009338,S019,P00338,6,6,0,0.0
SC00004071,2025-12-31,INV00002055,S005,P00055,1,1,0,0.0
SC00004072,2025-12-31,INV00010013,S021,P00013,16,16,0,0.0
SC00004073,2025-12-31,INV00007137,S015,P00137,2,2,0,0.0
SC00004074,2025-12-31,INV00010907,S022,P00407,1,1,0,0.0
SC00004075,2025-12-31,INV00004564,S010,P00064,3,3,0,0.0
SC00004076,2025-12-31,INV00000808,S002,P00308,3,3,0,0.0
SC00004077,2025-12-31,INV00004383,S009,P00383,3,3,0,0.0
SC00004078,2025-12-31,INV00002879,S006,P00379,4,4,0,0.0
SC00004079,2025-12-31,INV00001268,S003,P00268,5,5,0,0.0
SC00004080,2025-12-31,INV00001730,S004,P00230,6,6,0,0.0
SC00004081,2025-12-31,INV00007351,S015,P00351,10,10,0,0.0
SC00004082,2025-12-31,INV00006503,S014,P00003,2,2,0,0.0
SC00004083,2025-12-31,INV00009619,S020,P00119,24,25,1,0.0417
SC00004084,2025-12-31,INV00010402,S021,P00402,3,3,0,0.0
SC00004085,2025-12-31,INV00010647,S022,P00147,1,1,0,0.0
SC00004086,2025-12-31,INV00008772,S018,P00272,1,1,0,0.0
SC00004087,2025-12-31,INV00012421,S025,P00421,4,4,0,0.0
SC00004088,2025-12-31,INV00008596,S018,P00096,1,1,0,0.0
SC00004089,2025-12-31,INV00012938,S026,P00438,2,2,0,0.0
SC00004090,2025-12-31,INV00001042,S003,P00042,7,7,0,0.0
SC00004091,2025-12-31,INV00003970,S008,P00470,10,10,0,0.0
SC00004092,2025-12-31,INV00005728,S012,P00228,2,2,0,0.0
SC00004093,2025-12-31,INV00005893,S012,P00393,3,3,0,0.0
SC00004094,2025-12-31,INV00008173,S017,P00173,2,2,0,0.0
SC00004095,2025-12-31,INV00002874,S006,P00374,1,1,0,0.0
SC00004096,2025-12-31,INV00008899,S018,P00399,1,1,0,0.0
SC00004097,2025-12-31,INV00010832,S022,P00332,5,5,0,0.0
SC00004098,2025-12-31,INV00010690,S022,P00190,13,13,0,0.0
SC00004099,2025-12-31,INV00004476,S009,P00476,1,1,0,0.0
SC00004100,2025-12-31,INV00010302,S021,P00302,6,6,0,0.0
SC00004101,2025-12-31,INV00000600,S002,P00100,11,11,0,0.0
SC00004102,2025-12-31,INV00004496,S009,P00496,6,6,0,0.0
SC00004103,2025-12-31,INV00004993,S010,P00493,2,2,0,0.0
SC00004104,2025-12-31,INV00002051,S005,P00051,2,2,0,0.0
SC00004105,2025-12-31,INV00010011,S021,P00011,1,1,0,0.0
SC00004106,2025-12-31,INV00009241,S019,P00241,2,2,0,0.0
SC00004107,2025-12-31,INV00006416,S013,P00416,3,3,0,0.0
SC00004108,2025-12-31,INV00008065,S017,P00065,4,4,0,0.0
SC00004109,2025-12-31,INV00002625,S006,P00125,1,1,0,0.0
SC00004110,2025-12-31,INV00012674,S026,P00174,5,5,0,0.0
SC00004111,2025-12-31,INV00008074,S017,P00074,3,3,0,0.0
SC00004112,2025-12-31,INV00008433,S017,P00433,3,3,0,0.0
SC00004113,2025-12-31,INV00000349,S001,P00349,14,14,0,0.0
SC00004114,2025-12-31,INV00008893,S018,P00393,5,5,0,0.0
SC00004115,2025-12-31,INV00004738,S010,P00238,6,6,0,0.0
SC00004116,2025-12-31,INV00009382,S019,P00382,16,16,0,0.0
SC00004117,2025-12-31,INV00011939,S024,P00439,4,4,0,0.0
SC00004118,2025-12-31,INV00006513,S014,P00013,2,2,0,0.0
SC00004119,2025-12-31,INV00014105,S029,P00105,5,5,0,0.0
SC00004120,2025-12-31,INV00002759,S006,P00259,1,1,0,0.0
SC00004121,2025-12-31,INV00000823,S002,P00323,3,3,0,0.0
SC00004122,2025-12-31,INV00012861,S026,P00361,1,1,0,0.0
SC00004123,2025-12-31,INV00001217,S003,P00217,3,3,0,0.0
SC00004124,2025-12-31,INV00000655,S002,P00155,3,3,0,0.0
SC00004125,2025-12-31,INV00001632,S004,P00132,3,3,0,0.0
SC00004126,2025-12-31,INV00011923,S024,P00423,6,6,0,0.0
SC00004127,2025-12-31,INV00013927,S028,P00427,12,12,0,0.0
SC00004128,2025-12-31,INV00009769,S020,P00269,5,5,0,0.0
SC00004129,2025-12-31,INV00011021,S023,P00021,4,4,0,0.0
SC00004130,2025-12-31,INV00008389,S017,P00389,3,3,0,0.0
SC00004131,2025-12-31,INV00006410,S013,P00410,1,1,0,0.0
SC00004132,2025-12-31,INV00013582,S028,P00082,10,10,0,0.0
SC00004133,2025-12-31,INV00007493,S015,P00493,3,3,0,0.0
SC00004134,2025-12-31,INV00013418,S027,P00418,3,3,0,0.0
SC00004135,2025-12-31,INV00005038,S011,P00038,3,3,0,0.0
SC00004136,2025-12-31,INV00008490,S017,P00490,3,3,0,0.0
SC00004137,2025-12-31,INV00005836,S012,P00336,8,8,0,0.0
SC00004138,2025-12-31,INV00008952,S018,P00452,1,1,0,0.0
SC00004139,2025-12-31,INV00002911,S006,P00411,16,16,0,0.0
SC00004140,2025-12-31,INV00003123,S007,P00123,1,1,0,0.0
SC00004141,2025-12-31,INV00004697,S010,P00197,9,9,0,0.0
SC00004142,2025-12-31,INV00003006,S007,P00006,4,4,0,0.0
SC00004143,2025-12-31,INV00010700,S022,P00200,12,12,0,0.0
SC00004144,2025-12-31,INV00005261,S011,P00261,12,12,0,0.0
SC00004145,2025-12-31,INV00013547,S028,P00047,4,4,0,0.0
SC00004146,2025-12-31,INV00006611,S014,P00111,11,11,0,0.0
SC00004147,2025-12-31,INV00003617,S008,P00117,1,1,0,0.0
SC00004148,2025-12-31,INV00000025,S001,P00025,5,5,0,0.0
SC00004149,2025-12-31,INV00002751,S006,P00251,4,4,0,0.0
SC00004150,2025-12-31,INV00004507,S010,P00007,10,10,0,0.0
SC00004151,2025-12-31,INV00011173,S023,P00173,4,4,0,0.0
SC00004152,2025-12-31,INV00013538,S028,P00038,2,2,0,0.0
SC00004153,2025-12-31,INV00011794,S024,P00294,9,9,0,0.0
SC00004154,2025-12-31,INV00007061,S015,P00061,5,5,0,0.0
SC00004155,2025-12-31,INV00006292,S013,P00292,10,10,0,0.0
SC00004156,2025-12-31,INV00014839,S030,P00339,2,2,0,0.0
SC00004157,2025-12-31,INV00006269,S013,P00269,11,11,0,0.0
SC00004158,2025-12-31,INV00007531,S016,P00031,19,19,0,0.0
SC00004159,2025-12-31,INV00005794,S012,P00294,9,9,0,0.0
SC00004160,2025-12-31,INV00004743,S010,P00243,2,2,0,0.0
SC00004161,2025-12-31,INV00006809,S014,P00309,4,4,0,0.0
SC00004162,2025-12-31,INV00009150,S019,P00150,3,3,0,0.0
SC00004163,2025-12-31,INV00002591,S006,P00091,4,4,0,0.0
SC00004164,2025-12-31,INV00012291,S025,P00291,15,15,0,0.0
SC00004165,2025-12-31,INV00002271,S005,P00271,23,22,-1,-0.0435
SC00004166,2025-12-31,INV00014986,S030,P00486,1,1,0,0.0
SC00004167,2025-12-31,INV00000217,S001,P00217,5,5,0,0.0
SC00004168,2025-12-31,INV00009615,S020,P00115,25,24,-1,-0.04
SC00004169,2025-12-31,INV00014037,S029,P00037,2,2,0,0.0
SC00004170,2025-12-31,INV00014714,S030,P00214,7,7,0,0.0
SC00004171,2025-12-31,INV00001059,S003,P00059,4,4,0,0.0
SC00004172,2025-12-31,INV00011139,S023,P00139,24,24,0,0.0
SC00004173,2025-12-31,INV00011393,S023,P00393,6,6,0,0.0
SC00004174,2025-12-31,INV00007279,S015,P00279,8,8,0,0.0
SC00004175,2025-12-31,INV00004553,S010,P00053,1,1,0,0.0
SC00004176,2025-12-31,INV00009398,S019,P00398,3,3,0,0.0
SC00004177,2025-12-31,INV00002781,S006,P00281,6,6,0,0.0
SC00004178,2025-12-31,INV00005356,S011,P00356,3,3,0,0.0
SC00004179,2025-12-31,INV00000589,S002,P00089,2,2,0,0.0
SC00004180,2025-12-31,INV00001375,S003,P00375,10,10,0,0.0
SC00004181,2025-12-31,INV00007441,S015,P00441,3,3,0,0.0
SC00004182,2025-12-31,INV00006338,S013,P00338,4,4,0,0.0
SC00004183,2025-12-31,INV00005113,S011,P00113,2,2,0,0.0
SC00004184,2025-12-31,INV00007518,S016,P00018,7,7,0,0.0
SC00004185,2025-12-31,INV00005202,S011,P00202,1,1,0,0.0
SC00004186,2025-12-31,INV00014669,S030,P00169,2,2,0,0.0
SC00004187,2025-12-31,INV00009735,S020,P00235,9,9,0,0.0
SC00004188,2025-12-31,INV00000177,S001,P00177,3,3,0,0.0
SC00004189,2025-12-31,INV00010436,S021,P00436,1,1,0,0.0
SC00004190,2025-12-31,INV00009240,S019,P00240,2,2,0,0.0
SC00004191,2025-12-31,INV00011606,S024,P00106,4,4,0,0.0
SC00004192,2025-12-31,INV00006092,S013,P00092,7,7,0,0.0
SC00004193,2025-12-31,INV00001464,S003,P00464,5,5,0,0.0
SC00004194,2025-12-31,INV00001187,S003,P00187,4,4,0,0.0
SC00004195,2025-12-31,INV00008319,S017,P00319,3,3,0,0.0
SC00004196,2025-12-31,INV00006551,S014,P00051,12,12,0,0.0
SC00004197,2025-12-31,INV00001637,S004,P00137,2,2,0,0.0
SC00004198,2025-12-31,INV00001014,S003,P00014,7,7,0,0.0
SC00004199,2025-12-31,INV00003677,S008,P00177,1,1,0,0.0
SC00004200,2025-12-31,INV00004885,S010,P00385,1,1,0,0.0
SC00004201,2025-12-31,INV00007255,S015,P00255,2,2,0,0.0
SC00004202,2025-12-31,INV00012001,S025,P00001,10,10,0,0.0
SC00004203,2025-12-31,INV00009648,S020,P00148,5,5,0,0.0
SC00004204,2025-12-31,INV00003888,S008,P00388,8,8,0,0.0
SC00004205,2025-12-31,INV00010898,S022,P00398,4,4,0,0.0
SC00004206,2025-12-31,INV00014575,S030,P00075,3,3,0,0.0
SC00004207,2025-12-31,INV00010562,S022,P00062,4,4,0,0.0
SC00004208,2025-12-31,INV00009405,S019,P00405,4,4,0,0.0
SC00004209,2025-12-31,INV00003968,S008,P00468,3,3,0,0.0
SC00004210,2025-12-31,INV00001015,S003,P00015,7,7,0,0.0
SC00004211,2025-12-31,INV00002436,S005,P00436,4,4,0,0.0
SC00004212,2025-12-31,INV00002832,S006,P00332,1,1,0,0.0
SC00004213,2025-12-31,INV00001071,S003,P00071,13,13,0,0.0
SC00004214,2025-12-31,INV00007554,S016,P00054,4,4,0,0.0
SC00004215,2025-12-31,INV00000802,S002,P00302,1,1,0,0.0
SC00004216,2025-12-31,INV00013186,S027,P00186,16,16,0,0.0
SC00004217,2025-12-31,INV00014331,S029,P00331,6,6,0,0.0
SC00004218,2025-12-31,INV00012010,S025,P00010,5,5,0,0.0
SC00004219,2025-12-31,INV00004998,S010,P00498,4,4,0,0.0
SC00004220,2025-12-31,INV00008292,S017,P00292,3,3,0,0.0
SC00004221,2025-12-31,INV00001164,S003,P00164,10,10,0,0.0
SC00004222,2025-12-31,INV00011560,S024,P00060,2,2,0,0.0
SC00004223,2025-12-31,INV00011853,S024,P00353,1,1,0,0.0
SC00004224,2025-12-31,INV00001234,S003,P00234,15,15,0,0.0
SC00004225,2025-12-31,INV00009910,S020,P00410,1,1,0,0.0
SC00004226,2025-12-31,INV00007634,S016,P00134,15,15,0,0.0
SC00004227,2025-12-31,INV00006700,S014,P00200,8,8,0,0.0
SC00004228,2025-12-31,INV00013250,S027,P00250,2,2,0,0.0
SC00004229,2025-12-31,INV00012413,S025,P00413,1,1,0,0.0
SC00004230,2025-12-31,INV00011229,S023,P00229,1,1,0,0.0
SC00004231,2025-12-31,INV00003284,S007,P00284,22,22,0,0.0
SC00004232,2025-12-31,INV00004574,S010,P00074,2,2,0,0.0
SC00004233,2025-12-31,INV00003582,S008,P00082,2,2,0,0.0
SC00004234,2025-12-31,INV00001087,S003,P00087,4,4,0,0.0
SC00004235,2025-12-31,INV00008542,S018,P00042,7,7,0,0.0
SC00004236,2025-12-31,INV00008498,S017,P00498,6,6,0,0.0
SC00004237,2025-12-31,INV00005256,S011,P00256,1,1,0,0.0
SC00004238,2025-12-31,INV00003568,S008,P00068,1,1,0,0.0
SC00004239,2025-12-31,INV00000173,S001,P00173,17,17,0,0.0
SC00004240,2025-12-31,INV00005227,S011,P00227,7,7,0,0.0
SC00004241,2025-12-31,INV00002564,S006,P00064,6,6,0,0.0
SC00004242,2025-12-31,INV00014814,S030,P00314,1,1,0,0.0
SC00004243,2025-12-31,INV00002061,S005,P00061,1,1,0,0.0
SC00004244,2025-12-31,INV00009603,S020,P00103,1,1,0,0.0
SC00004245,2025-12-31,INV00009715,S020,P00215,4,4,0,0.0
SC00004246,2025-12-31,INV00004042,S009,P00042,7,7,0,0.0
SC00004247,2025-12-31,INV00006125,S013,P00125,3,3,0,0.0
SC00004248,2025-12-31,INV00014973,S030,P00473,5,5,0,0.0
SC00004249,2025-12-31,INV00001235,S003,P00235,1,1,0,0.0
SC00004250,2025-12-31,INV00011263,S023,P00263,2,2,0,0.0
SC00004251,2025-12-31,INV00008372,S017,P00372,4,4,0,0.0
SC00004252,2025-12-31,INV00007656,S016,P00156,5,5,0,0.0
SC00004253,2025-12-31,INV00012860,S026,P00360,2,2,0,0.0
SC00004254,2025-12-31,INV00013480,S027,P00480,6,6,0,0.0
SC00004255,2025-12-31,INV00000516,S002,P00016,4,4,0,0.0
SC00004256,2025-12-31,INV00002054,S005,P00054,3,3,0,0.0
SC00004257,2025-12-31,INV00013908,S028,P00408,17,17,0,0.0
SC00004258,2025-12-31,INV00013293,S027,P00293,3,3,0,0.0
SC00004259,2025-12-31,INV00008286,S017,P00286,1,1,0,0.0
SC00004260,2025-12-31,INV00014802,S030,P00302,3,3,0,0.0
SC00004261,2025-12-31,INV00000853,S002,P00353,4,4,0,0.0
SC00004262,2025-12-31,INV00006948,S014,P00448,1,1,0,0.0
SC00004263,2025-12-31,INV00010939,S022,P00439,1,1,0,0.0
SC00004264,2025-12-31,INV00001371,S003,P00371,17,17,0,0.0
SC00004265,2025-12-31,INV00010197,S021,P00197,2,2,0,0.0
SC00004266,2025-12-31,INV00000544,S002,P00044,6,6,0,0.0
SC00004267,2025-12-31,INV00005630,S012,P00130,6,6,0,0.0
SC00004268,2025-12-31,INV00012733,S026,P00233,6,6,0,0.0
SC00004269,2025-12-31,INV00011574,S024,P00074,4,4,0,0.0
SC00004270,2025-12-31,INV00012403,S025,P00403,1,1,0,0.0
SC00004271,2025-12-31,INV00013228,S027,P00228,3,3,0,0.0
SC00004272,2025-12-31,INV00000365,S001,P00365,2,2,0,0.0
SC00004273,2025-12-31,INV00002873,S006,P00373,6,6,0,0.0
SC00004274,2025-12-31,INV00010114,S021,P00114,1,1,0,0.0
SC00004275,2025-12-31,INV00003254,S007,P00254,3,3,0,0.0
SC00004276,2025-12-31,INV00010683,S022,P00183,4,4,0,0.0
SC00004277,2025-12-31,INV00003321,S007,P00321,15,15,0,0.0
SC00004278,2025-12-31,INV00001718,S004,P00218,8,8,0,0.0
SC00004279,2025-12-31,INV00010288,S021,P00288,1,1,0,0.0
SC00004280,2025-12-31,INV00010481,S021,P00481,2,2,0,0.0
SC00004281,2025-12-31,INV00001461,S003,P00461,1,1,0,0.0
SC00004282,2025-12-31,INV00000711,S002,P00211,9,9,0,0.0
SC00004283,2025-12-31,INV00009988,S020,P00488,3,3,0,0.0
SC00004284,2025-12-31,INV00003018,S007,P00018,2,2,0,0.0
SC00004285,2025-12-31,INV00010702,S022,P00202,2,2,0,0.0
SC00004286,2025-12-31,INV00012716,S026,P00216,9,9,0,0.0
SC00004287,2025-12-31,INV00011424,S023,P00424,9,9,0,0.0
SC00004288,2025-12-31,INV00002758,S006,P00258,3,3,0,0.0
SC00004289,2025-12-31,INV00006533,S014,P00033,4,4,0,0.0
SC00004290,2025-12-31,INV00006218,S013,P00218,1,1,0,0.0
SC00004291,2025-12-31,INV00000794,S002,P00294,4,4,0,0.0
SC00004292,2025-12-31,INV00006375,S013,P00375,1,1,0,0.0
SC00004293,2025-12-31,INV00004701,S010,P00201,2,2,0,0.0
SC00004294,2025-12-31,INV00011020,S023,P00020,3,3,0,0.0
SC00004295,2025-12-31,INV00009751,S020,P00251,15,15,0,0.0
SC00004296,2025-12-31,INV00001398,S003,P00398,1,1,0,0.0
SC00004297,2025-12-31,INV00004259,S009,P00259,2,2,0,0.0
SC00004298,2025-12-31,INV00013048,S027,P00048,9,9,0,0.0
SC00004299,2025-12-31,INV00006573,S014,P00073,3,3,0,0.0
SC00004300,2025-12-31,INV00002997,S006,P00497,1,1,0,0.0
SC00004301,2025-12-31,INV00005712,S012,P00212,6,6,0,0.0
SC00004302,2025-12-31,INV00007585,S016,P00085,4,4,0,0.0
SC00004303,2025-12-31,INV00013195,S027,P00195,12,12,0,0.0
SC00004304,2025-12-31,INV00011561,S024,P00061,7,7,0,0.0
SC00004305,2025-12-31,INV00013436,S027,P00436,4,4,0,0.0
SC00004306,2025-12-31,INV00000789,S002,P00289,8,8,0,0.0
SC00004307,2025-12-31,INV00013949,S028,P00449,3,3,0,0.0
SC00004308,2025-12-31,INV00009885,S020,P00385,4,4,0,0.0
SC00004309,2025-12-31,INV00013861,S028,P00361,9,9,0,0.0
SC00004310,2025-12-31,INV00009375,S019,P00375,8,8,0,0.0
SC00004311,2025-12-31,INV00005381,S011,P00381,4,4,0,0.0
SC00004312,2025-12-31,INV00014869,S030,P00369,3,3,0,0.0
SC00004313,2025-12-31,INV00008903,S018,P00403,2,2,0,0.0
SC00004314,2025-12-31,INV00000180,S001,P00180,3,3,0,0.0
SC00004315,2025-12-31,INV00002032,S005,P00032,5,5,0,0.0
SC00004316,2025-12-31,INV00001494,S003,P00494,1,1,0,0.0
SC00004317,2025-12-31,INV00008700,S018,P00200,1,1,0,0.0
SC00004318,2025-12-31,INV00009664,S020,P00164,2,2,0,0.0
SC00004319,2025-12-31,INV00013755,S028,P00255,2,2,0,0.0
SC00004320,2025-12-31,INV00003578,S008,P00078,2,2,0,0.0
SC00004321,2025-12-31,INV00012042,S025,P00042,5,5,0,0.0
SC00004322,2025-12-31,INV00000744,S002,P00244,7,7,0,0.0
SC00004323,2025-12-31,INV00009011,S019,P00011,3,3,0,0.0
SC00004324,2025-12-31,INV00001068,S003,P00068,8,8,0,0.0
SC00004325,2025-12-31,INV00012496,S025,P00496,2,2,0,0.0
SC00004326,2025-12-31,INV00013902,S028,P00402,5,5,0,0.0
SC00004327,2025-12-31,INV00014255,S029,P00255,9,9,0,0.0
SC00004328,2025-12-31,INV00014829,S030,P00329,20,20,0,0.0
SC00004329,2025-12-31,INV00002382,S005,P00382,2,2,0,0.0
SC00004330,2025-12-31,INV00004253,S009,P00253,11,11,0,0.0
SC00004331,2025-12-31,INV00008374,S017,P00374,13,13,0,0.0
SC00004332,2025-12-31,INV00000917,S002,P00417,5,5,0,0.0
SC00004333,2025-12-31,INV00013038,S027,P00038,2,2,0,0.0
SC00004334,2025-12-31,INV00011030,S023,P00030,5,5,0,0.0
SC00004335,2025-12-31,INV00010296,S021,P00296,4,4,0,0.0
SC00004336,2025-12-31,INV00001808,S004,P00308,5,5,0,0.0
SC00004337,2025-12-31,INV00007150,S015,P00150,2,2,0,0.0
SC00004338,2025-12-31,INV00000983,S002,P00483,2,2,0,0.0
SC00004339,2025-12-31,INV00013475,S027,P00475,6,6,0,0.0
SC00004340,2025-12-31,INV00010741,S022,P00241,9,9,0,0.0
SC00004341,2025-12-31,INV00001034,S003,P00034,10,10,0,0.0
SC00004342,2025-12-31,INV00000843,S002,P00343,9,9,0,0.0
SC00004343,2025-12-31,INV00014991,S030,P00491,4,4,0,0.0
SC00004344,2025-12-31,INV00000229,S001,P00229,2,2,0,0.0
SC00004345,2025-12-31,INV00000370,S001,P00370,9,9,0,0.0
SC00004346,2025-12-31,INV00011763,S024,P00263,1,1,0,0.0
SC00004347,2025-12-31,INV00007008,S015,P00008,4,4,0,0.0
SC00004348,2025-12-31,INV00013043,S027,P00043,1,1,0,0.0
SC00004349,2025-12-31,INV00001350,S003,P00350,4,4,0,0.0
SC00004350,2025-12-31,INV00003013,S007,P00013,3,3,0,0.0
SC00004351,2025-12-31,INV00006245,S013,P00245,5,5,0,0.0
SC00004352,2025-12-31,INV00009122,S019,P00122,7,7,0,0.0
SC00004353,2025-12-31,INV00009536,S020,P00036,2,2,0,0.0
SC00004354,2025-12-31,INV00000289,S001,P00289,1,1,0,0.0
SC00004355,2025-12-31,INV00006205,S013,P00205,11,11,0,0.0
SC00004356,2025-12-31,INV00007753,S016,P00253,7,7,0,0.0
SC00004357,2025-12-31,INV00013359,S027,P00359,6,6,0,0.0
SC00004358,2025-12-31,INV00011364,S023,P00364,7,7,0,0.0
SC00004359,2025-12-31,INV00014467,S029,P00467,2,2,0,0.0
SC00004360,2025-12-31,INV00007296,S015,P00296,4,4,0,0.0
SC00004361,2025-12-31,INV00002652,S006,P00152,4,4,0,0.0
SC00004362,2025-12-31,INV00004630,S010,P00130,3,3,0,0.0
SC00004363,2025-12-31,INV00010966,S022,P00466,7,7,0,0.0
SC00004364,2025-12-31,INV00009737,S020,P00237,1,1,0,0.0
SC00004365,2025-12-31,INV00002842,S006,P00342,4,4,0,0.0
SC00004366,2025-12-31,INV00003361,S007,P00361,2,2,0,0.0
SC00004367,2025-12-31,INV00007877,S016,P00377,12,12,0,0.0
SC00004368,2025-12-31,INV00008314,S017,P00314,1,1,0,0.0
SC00004369,2025-12-31,INV00005241,S011,P00241,2,2,0,0.0
SC00004370,2025-12-31,INV00002722,S006,P00222,8,8,0,0.0
SC00004371,2025-12-31,INV00005029,S011,P00029,5,5,0,0.0
SC00004372,2025-12-31,INV00012885,S026,P00385,6,6,0,0.0
SC00004373,2025-12-31,INV00000573,S002,P00073,14,14,0,0.0
SC00004374,2025-12-31,INV00006114,S013,P00114,2,2,0,0.0
SC00004375,2025-12-31,INV00005355,S011,P00355,3,3,0,0.0
SC00004376,2025-12-31,INV00012423,S025,P00423,1,1,0,0.0
SC00004377,2025-12-31,INV00006701,S014,P00201,8,8,0,0.0
SC00004378,2025-12-31,INV00012584,S026,P00084,2,2,0,0.0
SC00004379,2025-12-31,INV00012386,S025,P00386,1,1,0,0.0
SC00004380,2025-12-31,INV00002278,S005,P00278,13,13,0,0.0
SC00004381,2025-12-31,INV00010576,S022,P00076,3,3,0,0.0
SC00004382,2025-12-31,INV00012671,S026,P00171,4,4,0,0.0
SC00004383,2025-12-31,INV00004381,S009,P00381,2,2,0,0.0
SC00004384,2025-12-31,INV00008609,S018,P00109,4,4,0,0.0
SC00004385,2025-12-31,INV00007694,S016,P00194,3,3,0,0.0
SC00004386,2025-12-31,INV00007414,S015,P00414,10,10,0,0.0
SC00004387,2025-12-31,INV00003626,S008,P00126,2,2,0,0.0
SC00004388,2025-12-31,INV00001528,S004,P00028,2,2,0,0.0
SC00004389,2025-12-31,INV00012812,S026,P00312,2,2,0,0.0
SC00004390,2025-12-31,INV00008441,S017,P00441,4,4,0,0.0
SC00004391,2025-12-31,INV00011703,S024,P00203,3,3,0,0.0
SC00004392,2025-12-31,INV00010006,S021,P00006,16,16,0,0.0
SC00004393,2025-12-31,INV00013473,S027,P00473,1,1,0,0.0
SC00004394,2025-12-31,INV00013602,S028,P00102,5,5,0,0.0
SC00004395,2025-12-31,INV00012589,S026,P00089,4,4,0,0.0
SC00004396,2025-12-31,INV00006866,S014,P00366,5,5,0,0.0
SC00004397,2025-12-31,INV00000807,S002,P00307,3,3,0,0.0
SC00004398,2025-12-31,INV00003612,S008,P00112,1,1,0,0.0
SC00004399,2025-12-31,INV00010175,S021,P00175,5,5,0,0.0
SC00004400,2025-12-31,INV00003736,S008,P00236,4,4,0,0.0
SC00004401,2025-12-31,INV00011522,S024,P00022,12,12,0,0.0
SC00004402,2025-12-31,INV00004115,S009,P00115,10,10,0,0.0
SC00004403,2025-12-31,INV00005455,S011,P00455,3,3,0,0.0
SC00004404,2025-12-31,INV00001673,S004,P00173,4,4,0,0.0
SC00004405,2025-12-31,INV00011929,S024,P00429,7,7,0,0.0
SC00004406,2025-12-31,INV00002366,S005,P00366,8,8,0,0.0
SC00004407,2025-12-31,INV00004855,S010,P00355,1,1,0,0.0
SC00004408,2025-12-31,INV00011183,S023,P00183,1,1,0,0.0
SC00004409,2025-12-31,INV00001238,S003,P00238,2,2,0,0.0
SC00004410,2025-12-31,INV00009345,S019,P00345,5,5,0,0.0
SC00004411,2025-12-31,INV00013390,S027,P00390,5,5,0,0.0
SC00004412,2025-12-31,INV00010070,S021,P00070,4,4,0,0.0
SC00004413,2025-12-31,INV00012585,S026,P00085,4,4,0,0.0
SC00004414,2025-12-31,INV00008751,S018,P00251,4,4,0,0.0
SC00004415,2025-12-31,INV00011414,S023,P00414,6,6,0,0.0
SC00004416,2025-12-31,INV00002851,S006,P00351,4,4,0,0.0
SC00004417,2025-12-31,INV00002905,S006,P00405,2,2,0,0.0
SC00004418,2025-12-31,INV00007792,S016,P00292,1,1,0,0.0
SC00004419,2025-12-31,INV00008037,S017,P00037,3,3,0,0.0
SC00004420,2025-12-31,INV00007956,S016,P00456,1,1,0,0.0
SC00004421,2025-12-31,INV00010757,S022,P00257,4,4,0,0.0
SC00004422,2025-12-31,INV00004189,S009,P00189,6,6,0,0.0
SC00004423,2025-12-31,INV00012624,S026,P00124,3,3,0,0.0
SC00004424,2025-12-31,INV00004722,S010,P00222,4,4,0,0.0
SC00004425,2025-12-31,INV00013013,S027,P00013,2,2,0,0.0
SC00004426,2025-12-31,INV00007801,S016,P00301,1,1,0,0.0
SC00004427,2025-12-31,INV00012222,S025,P00222,11,11,0,0.0
SC00004428,2025-12-31,INV00014543,S030,P00043,9,9,0,0.0
SC00004429,2025-12-31,INV00011426,S023,P00426,2,2,0,0.0
SC00004430,2025-12-31,INV00001438,S003,P00438,4,4,0,0.0
SC00004431,2025-12-31,INV00012807,S026,P00307,10,10,0,0.0
SC00004432,2025-12-31,INV00001586,S004,P00086,2,2,0,0.0
SC00004433,2025-12-31,INV00001765,S004,P00265,7,7,0,0.0
SC00004434,2025-12-31,INV00005440,S011,P00440,1,1,0,0.0
SC00004435,2025-12-31,INV00009298,S019,P00298,3,3,0,0.0
SC00004436,2025-12-31,INV00007940,S016,P00440,2,2,0,0.0
SC00004437,2025-12-31,INV00003215,S007,P00215,2,2,0,0.0
SC00004438,2025-12-31,INV00003745,S008,P00245,6,6,0,0.0
SC00004439,2025-12-31,INV00008015,S017,P00015,8,8,0,0.0
SC00004440,2025-12-31,INV00000490,S001,P00490,3,3,0,0.0
SC00004441,2025-12-31,INV00000172,S001,P00172,7,7,0,0.0
SC00004442,2025-12-31,INV00002552,S006,P00052,1,1,0,0.0
SC00004443,2025-12-31,INV00006830,S014,P00330,3,3,0,0.0
SC00004444,2025-12-31,INV00007306,S015,P00306,1,1,0,0.0
SC00004445,2025-12-31,INV00000716,S002,P00216,5,5,0,0.0
SC00004446,2025-12-31,INV00011269,S023,P00269,4,4,0,0.0
SC00004447,2025-12-31,INV00007615,S016,P00115,11,11,0,0.0
SC00004448,2025-12-31,INV00008776,S018,P00276,24,25,1,0.0417
SC00004449,2025-12-31,INV00006969,S014,P00469,1,1,0,0.0
SC00004450,2025-12-31,INV00008915,S018,P00415,3,3,0,0.0
SC00004451,2025-12-31,INV00009016,S019,P00016,1,1,0,0.0
SC00004452,2025-12-31,INV00000411,S001,P00411,14,14,0,0.0
SC00004453,2025-12-31,INV00012632,S026,P00132,6,6,0,0.0
SC00004454,2025-12-31,INV00013271,S027,P00271,5,5,0,0.0
SC00004455,2025-12-31,INV00003960,S008,P00460,4,4,0,0.0
SC00004456,2025-12-31,INV00006192,S013,P00192,2,2,0,0.0
SC00004457,2025-12-31,INV00004654,S010,P00154,4,4,0,0.0
SC00004458,2025-12-31,INV00014348,S029,P00348,1,1,0,0.0
SC00004459,2025-12-31,INV00014828,S030,P00328,21,22,1,0.0476
SC00004460,2025-12-31,INV00002367,S005,P00367,3,3,0,0.0
SC00004461,2025-12-31,INV00007141,S015,P00141,3,3,0,0.0
SC00004462,2025-12-31,INV00009366,S019,P00366,1,1,0,0.0
SC00004463,2025-12-31,INV00005898,S012,P00398,5,5,0,0.0
SC00004464,2025-12-31,INV00014038,S029,P00038,5,5,0,0.0
SC00004465,2025-12-31,INV00012313,S025,P00313,2,2,0,0.0
SC00004466,2025-12-31,INV00011121,S023,P00121,4,4,0,0.0
SC00004467,2025-12-31,INV00007459,S015,P00459,3,3,0,0.0
SC00004468,2025-12-31,INV00004947,S010,P00447,4,4,0,0.0
SC00004469,2025-12-31,INV00013998,S028,P00498,3,3,0,0.0
SC00004470,2025-12-31,INV00013446,S027,P00446,6,6,0,0.0
SC00004471,2025-12-31,INV00009901,S020,P00401,11,11,0,0.0
SC00004472,2025-12-31,INV00008112,S017,P00112,6,6,0,0.0
SC00004473,2025-12-31,INV00001130,S003,P00130,6,6,0,0.0
SC00004474,2025-12-31,INV00003455,S007,P00455,3,3,0,0.0
SC00004475,2025-12-31,INV00011187,S023,P00187,3,3,0,0.0
SC00004476,2025-12-31,INV00007219,S015,P00219,11,11,0,0.0
SC00004477,2025-12-31,INV00010774,S022,P00274,3,3,0,0.0
SC00004478,2025-12-31,INV00008620,S018,P00120,2,2,0,0.0
SC00004479,2025-12-31,INV00000909,S002,P00409,4,4,0,0.0
SC00004480,2025-12-31,INV00003187,S007,P00187,1,1,0,0.0
SC00004481,2025-12-31,INV00012178,S025,P00178,4,4,0,0.0
SC00004482,2025-12-31,INV00001354,S003,P00354,18,18,0,0.0
SC00004483,2025-12-31,INV00006146,S013,P00146,4,4,0,0.0
SC00004484,2025-12-31,INV00003773,S008,P00273,4,4,0,0.0
SC00004485,2025-12-31,INV00004315,S009,P00315,3,3,0,0.0
SC00004486,2025-12-31,INV00007756,S016,P00256,7,7,0,0.0
SC00004487,2025-12-31,INV00009850,S020,P00350,1,1,0,0.0
SC00004488,2025-12-31,INV00010635,S022,P00135,8,8,0,0.0
SC00004489,2025-12-31,INV00012187,S025,P00187,4,4,0,0.0
SC00004490,2025-12-31,INV00013206,S027,P00206,10,10,0,0.0
SC00004491,2025-12-31,INV00008438,S017,P00438,3,3,0,0.0
SC00004492,2025-12-31,INV00000686,S002,P00186,2,2,0,0.0
SC00004493,2025-12-31,INV00012836,S026,P00336,2,2,0,0.0
SC00004494,2025-12-31,INV00003429,S007,P00429,1,1,0,0.0
SC00004495,2025-12-31,INV00003177,S007,P00177,3,3,0,0.0
SC00004496,2025-12-31,INV00000201,S001,P00201,1,1,0,0.0
SC00004497,2025-12-31,INV00002302,S005,P00302,7,7,0,0.0
SC00004498,2025-12-31,INV00003554,S008,P00054,1,1,0,0.0
SC00004499,2025-12-31,INV00000443,S001,P00443,10,10,0,0.0
SC00004500,2025-12-31,INV00009671,S020,P00171,1,1,0,0.0
